-- MySQL dump 10.13  Distrib 5.5.44, for debian-linux-gnu (x86_64)
--
-- Host: localhost    Database: cc_679
-- ------------------------------------------------------
-- Server version	5.5.44-0ubuntu0.12.04.1

/*!40101 SET @OLD_CHARACTER_SET_CLIENT=@@CHARACTER_SET_CLIENT */;
/*!40101 SET @OLD_CHARACTER_SET_RESULTS=@@CHARACTER_SET_RESULTS */;
/*!40101 SET @OLD_COLLATION_CONNECTION=@@COLLATION_CONNECTION */;
/*!40101 SET NAMES utf8 */;
/*!40103 SET @OLD_TIME_ZONE=@@TIME_ZONE */;
/*!40103 SET TIME_ZONE='+00:00' */;
/*!40014 SET @OLD_UNIQUE_CHECKS=@@UNIQUE_CHECKS, UNIQUE_CHECKS=0 */;
/*!40014 SET @OLD_FOREIGN_KEY_CHECKS=@@FOREIGN_KEY_CHECKS, FOREIGN_KEY_CHECKS=0 */;
/*!40101 SET @OLD_SQL_MODE=@@SQL_MODE, SQL_MODE='NO_AUTO_VALUE_ON_ZERO' */;
/*!40111 SET @OLD_SQL_NOTES=@@SQL_NOTES, SQL_NOTES=0 */;

--
-- Table structure for table `ActionStrings`
--

DROP TABLE IF EXISTS `ActionStrings`;
/*!40101 SET @saved_cs_client     = @@character_set_client */;
/*!40101 SET character_set_client = utf8 */;
CREATE TABLE `ActionStrings` (
  `id` int(11) NOT NULL AUTO_INCREMENT,
  `st` varchar(191) COLLATE utf8mb4_bin NOT NULL,
  PRIMARY KEY (`id`),
  UNIQUE KEY `st` (`st`),
  KEY `st_idx` (`st`) USING HASH
) ENGINE=InnoDB AUTO_INCREMENT=14 DEFAULT CHARSET=utf8mb4 COLLATE=utf8mb4_bin;
/*!40101 SET character_set_client = @saved_cs_client */;

--
-- Dumping data for table `ActionStrings`
--

LOCK TABLES `ActionStrings` WRITE;
/*!40000 ALTER TABLE `ActionStrings` DISABLE KEYS */;
INSERT INTO `ActionStrings` VALUES (2,'android.intent.action.BOOT_COMPLETED'),(4,'android.intent.action.MAIN'),(5,'android.intent.action.MEDIA_EJECT'),(7,'android.intent.action.MEDIA_MOUNTED'),(6,'android.net.conn.CONNECTIVITY_CHANGE'),(1,'android.service.wallpaper.WallpaperService'),(8,'com.airpush.android.PushServiceStart36141'),(13,'com.airpush.android.PushServiceStart51591'),(3,'com.airpush.android.PushServiceStart52821'),(12,'com.airpush.android.PushServiceStart56784'),(9,'com.android.vending.billing.IN_APP_NOTIFY'),(10,'com.android.vending.billing.PURCHASE_STATE_CHANGED'),(11,'com.android.vending.billing.RESPONSE_CODE');
/*!40000 ALTER TABLE `ActionStrings` ENABLE KEYS */;
UNLOCK TABLES;

--
-- Table structure for table `Aliases`
--

DROP TABLE IF EXISTS `Aliases`;
/*!40101 SET @saved_cs_client     = @@character_set_client */;
/*!40101 SET character_set_client = utf8 */;
CREATE TABLE `Aliases` (
  `id` int(11) NOT NULL AUTO_INCREMENT,
  `component_id` int(11) NOT NULL,
  `target_id` int(11) NOT NULL,
  PRIMARY KEY (`id`),
  KEY `component_id` (`component_id`),
  KEY `target_id` (`target_id`),
  CONSTRAINT `Aliases_ibfk_1` FOREIGN KEY (`component_id`) REFERENCES `Components` (`id`),
  CONSTRAINT `Aliases_ibfk_2` FOREIGN KEY (`target_id`) REFERENCES `Components` (`id`)
) ENGINE=InnoDB DEFAULT CHARSET=utf8mb4 COLLATE=utf8mb4_bin;
/*!40101 SET character_set_client = @saved_cs_client */;

--
-- Dumping data for table `Aliases`
--

LOCK TABLES `Aliases` WRITE;
/*!40000 ALTER TABLE `Aliases` DISABLE KEYS */;
/*!40000 ALTER TABLE `Aliases` ENABLE KEYS */;
UNLOCK TABLES;

--
-- Table structure for table `Applications`
--

DROP TABLE IF EXISTS `Applications`;
/*!40101 SET @saved_cs_client     = @@character_set_client */;
/*!40101 SET character_set_client = utf8 */;
CREATE TABLE `Applications` (
  `id` int(11) NOT NULL AUTO_INCREMENT,
  `app` varchar(512) COLLATE utf8mb4_bin NOT NULL,
  `version` int(11) DEFAULT NULL,
  PRIMARY KEY (`id`)
) ENGINE=InnoDB AUTO_INCREMENT=7 DEFAULT CHARSET=utf8mb4 COLLATE=utf8mb4_bin;
/*!40101 SET character_set_client = @saved_cs_client */;

--
-- Dumping data for table `Applications`
--

LOCK TABLES `Applications` WRITE;
/*!40000 ALTER TABLE `Applications` DISABLE KEYS */;
INSERT INTO `Applications` VALUES (1,'com.phd.lwp.ted',15),(2,'com.sexy_girls.asian_cute_babes',1),(3,'com.macte.JigsawPuzzle.Cities',17),(4,'com.bacastudio.solar_charger',4),(5,'com.mobileriders.abs.chest',2),(6,'com.custom.lwp.MagicwaveWaterskullwickedone',3);
/*!40000 ALTER TABLE `Applications` ENABLE KEYS */;
UNLOCK TABLES;

--
-- Table structure for table `CategoryStrings`
--

DROP TABLE IF EXISTS `CategoryStrings`;
/*!40101 SET @saved_cs_client     = @@character_set_client */;
/*!40101 SET character_set_client = utf8 */;
CREATE TABLE `CategoryStrings` (
  `id` int(11) NOT NULL AUTO_INCREMENT,
  `st` varchar(191) COLLATE utf8mb4_bin NOT NULL,
  PRIMARY KEY (`id`),
  UNIQUE KEY `st` (`st`),
  KEY `st_idx` (`st`) USING HASH
) ENGINE=InnoDB AUTO_INCREMENT=4 DEFAULT CHARSET=utf8mb4 COLLATE=utf8mb4_bin;
/*!40101 SET character_set_client = @saved_cs_client */;

--
-- Dumping data for table `CategoryStrings`
--

LOCK TABLES `CategoryStrings` WRITE;
/*!40000 ALTER TABLE `CategoryStrings` DISABLE KEYS */;
INSERT INTO `CategoryStrings` VALUES (1,'android.intent.category.HOME'),(2,'android.intent.category.LAUNCHER'),(3,'android.intent.category.SAMPLE_CODE');
/*!40000 ALTER TABLE `CategoryStrings` ENABLE KEYS */;
UNLOCK TABLES;

--
-- Table structure for table `Classes`
--

DROP TABLE IF EXISTS `Classes`;
/*!40101 SET @saved_cs_client     = @@character_set_client */;
/*!40101 SET character_set_client = utf8 */;
CREATE TABLE `Classes` (
  `id` int(11) NOT NULL AUTO_INCREMENT,
  `app_id` int(11) NOT NULL,
  `class` varchar(191) COLLATE utf8mb4_bin NOT NULL,
  PRIMARY KEY (`id`),
  KEY `class_idx` (`class`) USING HASH,
  KEY `app_id_idx` (`app_id`) USING HASH,
  CONSTRAINT `Classes_ibfk_1` FOREIGN KEY (`app_id`) REFERENCES `Applications` (`id`) ON DELETE CASCADE
) ENGINE=InnoDB AUTO_INCREMENT=62 DEFAULT CHARSET=utf8mb4 COLLATE=utf8mb4_bin;
/*!40101 SET character_set_client = @saved_cs_client */;

--
-- Dumping data for table `Classes`
--

LOCK TABLES `Classes` WRITE;
/*!40000 ALTER TABLE `Classes` DISABLE KEYS */;
INSERT INTO `Classes` VALUES (1,1,'com.phd.lwp.ted.screen.LiveWallpaperSettings'),(2,1,'com.apperhand.device.android.AndroidSDKProvider'),(3,1,'com.phd.lwp.ted.screen.LiveWallpaper'),(4,1,'com.Leadbolt.AdNotification'),(5,1,'com.phd.lwp.ted.screen.LiveWallpaper$BootReceiver'),(6,2,'com.sexy_girls.asian_cute_babes.Preferences'),(7,2,'com.airpush.android.PushAds'),(8,2,'com.apperhand.device.android.AndroidSDKProvider'),(9,2,'com.sexy_girls.asian_cute_babes.Wallpaper'),(10,2,'com.airpush.android.PushService'),(11,2,'com.airpush.android.UserDetailsReceiver'),(12,2,'com.airpush.android.MessageReceiver'),(13,2,'com.airpush.android.DeliveryReceiver'),(14,2,'com.sexy_girls.asian_cute_babes.BootReceiver'),(15,2,'com.sexy_girls.asian_cute_babes.boot'),(16,2,'com.Leadbolt.AdNotification'),(17,3,'com.macte.JigsawPuzzle.Cities.JigsawPuzzle'),(18,3,'com.macte.JigsawPuzzle.Cities.GameView'),(19,3,'com.mobfox.sdk.InAppWebView'),(20,3,'com.macte.JigsawPuzzle.Cities.SettingsList'),(21,3,'com.macte.JigsawPuzzle.Cities.GalleryLevel'),(22,3,'com.macte.JigsawPuzzle.Cities.ProVersion'),(23,3,'com.airpush.android.PushAds'),(24,3,'com.macte.JigsawPuzzle.Cities.DownloadService'),(25,3,'com.apperhand.device.android.AndroidSDKProvider'),(26,3,'com.airpush.android.PushService'),(27,3,'com.airpush.android.UserDetailsReceiver'),(28,3,'com.airpush.android.MessageReceiver'),(29,3,'com.airpush.android.DeliveryReceiver'),(30,3,'com.macte.JigsawPuzzle.Cities.BootReceiver'),(31,4,'com.bacastudio.solar_charger.SolarChargerActivity'),(32,4,'com.apperhand.device.android.AndroidSDKProvider'),(33,4,'com.bacastudio.solar_charger.BillingService'),(34,4,'com.bacastudio.solar_charger.BillingReceiver'),(35,5,'com.mobileriders.abs.chest.Workouts'),(36,5,'com.mobileriders.abs.chest.AbsView'),(37,5,'com.mobileriders.abs.chest.BicepView'),(38,5,'com.mobileriders.abs.chest.ChestView'),(39,5,'com.mobileriders.abs.chest.TricepsView'),(40,5,'com.mobileriders.abs.chest.TrapsView'),(41,5,'com.mobileriders.abs.chest.QuadsView'),(42,5,'com.mobileriders.abs.chest.WebContent'),(43,5,'com.airpush.android.PushAds'),(44,5,'com.apperhand.device.android.AndroidSDKProvider'),(45,5,'com.airpush.android.PushService'),(46,5,'com.airpush.android.UserDetailsReceiver'),(47,5,'com.airpush.android.MessageReceiver'),(48,5,'com.airpush.android.DeliveryReceiver'),(49,5,'com.mobileriders.abs.chest.BootReceiver'),(50,6,'com.custom.lwp.MagicwaveWaterskullwickedone.vickyWallpaperOptions'),(51,6,'com.custom.lwp.MagicwaveWaterskullwickedone.vickyLauncher'),(52,6,'com.custom.uilib.FilePicker'),(53,6,'com.airpush.android.PushAds'),(54,6,'com.custom.lwp.MagicwaveWaterskullwickedone.vickyWallpaperService'),(55,6,'com.apperhand.device.android.AndroidSDKProvider'),(56,6,'com.airpush.android.PushService'),(57,6,'com.airpush.android.UserDetailsReceiver'),(58,6,'com.airpush.android.MessageReceiver'),(59,6,'com.airpush.android.DeliveryReceiver'),(60,6,'com.Leadbolt.AdNotification'),(61,6,'com.custom.lwp.MagicwaveWaterskullwickedone.BootReceiver');
/*!40000 ALTER TABLE `Classes` ENABLE KEYS */;
UNLOCK TABLES;

--
-- Table structure for table `ComponentExtras`
--

DROP TABLE IF EXISTS `ComponentExtras`;
/*!40101 SET @saved_cs_client     = @@character_set_client */;
/*!40101 SET character_set_client = utf8 */;
CREATE TABLE `ComponentExtras` (
  `id` int(11) NOT NULL AUTO_INCREMENT,
  `component_id` int(11) NOT NULL,
  `extra` varchar(512) COLLATE utf8mb4_bin NOT NULL,
  PRIMARY KEY (`id`),
  KEY `component_id` (`component_id`),
  CONSTRAINT `ComponentExtras_ibfk_1` FOREIGN KEY (`component_id`) REFERENCES `Components` (`id`)
) ENGINE=InnoDB DEFAULT CHARSET=utf8mb4 COLLATE=utf8mb4_bin;
/*!40101 SET character_set_client = @saved_cs_client */;

--
-- Dumping data for table `ComponentExtras`
--

LOCK TABLES `ComponentExtras` WRITE;
/*!40000 ALTER TABLE `ComponentExtras` DISABLE KEYS */;
/*!40000 ALTER TABLE `ComponentExtras` ENABLE KEYS */;
UNLOCK TABLES;

--
-- Table structure for table `Components`
--

DROP TABLE IF EXISTS `Components`;
/*!40101 SET @saved_cs_client     = @@character_set_client */;
/*!40101 SET character_set_client = utf8 */;
CREATE TABLE `Components` (
  `id` int(11) NOT NULL AUTO_INCREMENT,
  `class_id` int(11) NOT NULL,
  `kind` char(1) COLLATE utf8mb4_bin NOT NULL,
  `exported` tinyint(1) NOT NULL,
  `permission` int(11) DEFAULT NULL,
  `missing` int(11) DEFAULT NULL,
  PRIMARY KEY (`id`),
  KEY `class_id` (`class_id`),
  KEY `permission` (`permission`),
  CONSTRAINT `Components_ibfk_1` FOREIGN KEY (`class_id`) REFERENCES `Classes` (`id`) ON DELETE CASCADE,
  CONSTRAINT `Components_ibfk_2` FOREIGN KEY (`permission`) REFERENCES `PermissionStrings` (`id`)
) ENGINE=InnoDB AUTO_INCREMENT=62 DEFAULT CHARSET=utf8mb4 COLLATE=utf8mb4_bin;
/*!40101 SET character_set_client = @saved_cs_client */;

--
-- Dumping data for table `Components`
--

LOCK TABLES `Components` WRITE;
/*!40000 ALTER TABLE `Components` DISABLE KEYS */;
INSERT INTO `Components` VALUES (1,1,'a',1,15,NULL),(2,2,'s',0,15,NULL),(3,3,'s',1,15,NULL),(4,4,'r',0,15,NULL),(5,5,'r',1,15,NULL),(6,6,'a',1,NULL,NULL),(7,7,'a',0,NULL,NULL),(8,8,'s',0,NULL,NULL),(9,9,'s',1,15,NULL),(10,10,'s',1,NULL,NULL),(11,11,'r',0,NULL,NULL),(12,12,'r',0,NULL,NULL),(13,13,'r',0,NULL,NULL),(14,14,'r',1,NULL,NULL),(15,15,'r',1,NULL,NULL),(16,16,'r',0,NULL,NULL),(17,17,'a',1,NULL,NULL),(18,18,'a',1,NULL,NULL),(19,19,'a',0,NULL,NULL),(20,20,'a',1,NULL,NULL),(21,21,'a',0,NULL,NULL),(22,22,'a',1,NULL,NULL),(23,23,'a',0,NULL,NULL),(24,24,'s',1,NULL,NULL),(25,25,'s',0,NULL,NULL),(26,26,'s',1,NULL,NULL),(27,27,'r',0,NULL,NULL),(28,28,'r',0,NULL,NULL),(29,29,'r',0,NULL,NULL),(30,30,'r',1,NULL,NULL),(31,31,'a',1,NULL,NULL),(32,32,'s',0,NULL,NULL),(33,33,'s',0,NULL,NULL),(34,34,'r',1,NULL,NULL),(35,35,'a',1,NULL,NULL),(36,36,'a',0,NULL,NULL),(37,37,'a',0,NULL,NULL),(38,38,'a',0,NULL,NULL),(39,39,'a',0,NULL,NULL),(40,40,'a',0,NULL,NULL),(41,41,'a',0,NULL,NULL),(42,42,'a',0,NULL,NULL),(43,43,'a',0,NULL,NULL),(44,44,'s',0,NULL,NULL),(45,45,'s',1,NULL,NULL),(46,46,'r',0,NULL,NULL),(47,47,'r',0,NULL,NULL),(48,48,'r',0,NULL,NULL),(49,49,'r',1,NULL,NULL),(50,50,'a',1,NULL,NULL),(51,51,'a',1,NULL,NULL),(52,52,'a',0,NULL,NULL),(53,53,'a',0,NULL,NULL),(54,54,'s',1,15,NULL),(55,55,'s',0,NULL,NULL),(56,56,'s',1,NULL,NULL),(57,57,'r',0,NULL,NULL),(58,58,'r',0,NULL,NULL),(59,59,'r',0,NULL,NULL),(60,60,'r',0,NULL,NULL),(61,61,'r',1,NULL,NULL);
/*!40000 ALTER TABLE `Components` ENABLE KEYS */;
UNLOCK TABLES;

--
-- Table structure for table `ExitPointComponents`
--

DROP TABLE IF EXISTS `ExitPointComponents`;
/*!40101 SET @saved_cs_client     = @@character_set_client */;
/*!40101 SET character_set_client = utf8 */;
CREATE TABLE `ExitPointComponents` (
  `id` int(11) NOT NULL AUTO_INCREMENT,
  `exit_id` int(11) NOT NULL,
  `component_id` int(11) NOT NULL,
  PRIMARY KEY (`id`),
  KEY `exit_id` (`exit_id`),
  KEY `component_id` (`component_id`),
  CONSTRAINT `ExitPointComponents_ibfk_1` FOREIGN KEY (`exit_id`) REFERENCES `ExitPoints` (`id`) ON DELETE CASCADE,
  CONSTRAINT `ExitPointComponents_ibfk_2` FOREIGN KEY (`component_id`) REFERENCES `Components` (`id`) ON DELETE CASCADE
) ENGINE=InnoDB DEFAULT CHARSET=utf8mb4 COLLATE=utf8mb4_bin;
/*!40101 SET character_set_client = @saved_cs_client */;

--
-- Dumping data for table `ExitPointComponents`
--

LOCK TABLES `ExitPointComponents` WRITE;
/*!40000 ALTER TABLE `ExitPointComponents` DISABLE KEYS */;
/*!40000 ALTER TABLE `ExitPointComponents` ENABLE KEYS */;
UNLOCK TABLES;

--
-- Table structure for table `ExitPoints`
--

DROP TABLE IF EXISTS `ExitPoints`;
/*!40101 SET @saved_cs_client     = @@character_set_client */;
/*!40101 SET character_set_client = utf8 */;
CREATE TABLE `ExitPoints` (
  `id` int(11) NOT NULL AUTO_INCREMENT,
  `class_id` int(11) NOT NULL,
  `method` varchar(512) COLLATE utf8mb4_bin NOT NULL,
  `instruction` mediumint(9) NOT NULL,
  `exit_kind` char(1) COLLATE utf8mb4_bin NOT NULL,
  `missing` int(11) DEFAULT NULL,
  PRIMARY KEY (`id`),
  KEY `class_id` (`class_id`),
  CONSTRAINT `ExitPoints_ibfk_1` FOREIGN KEY (`class_id`) REFERENCES `Classes` (`id`) ON DELETE CASCADE
) ENGINE=InnoDB DEFAULT CHARSET=utf8mb4 COLLATE=utf8mb4_bin;
/*!40101 SET character_set_client = @saved_cs_client */;

--
-- Dumping data for table `ExitPoints`
--

LOCK TABLES `ExitPoints` WRITE;
/*!40000 ALTER TABLE `ExitPoints` DISABLE KEYS */;
/*!40000 ALTER TABLE `ExitPoints` ENABLE KEYS */;
UNLOCK TABLES;

--
-- Table structure for table `Extras`
--

DROP TABLE IF EXISTS `Extras`;
/*!40101 SET @saved_cs_client     = @@character_set_client */;
/*!40101 SET character_set_client = utf8 */;
CREATE TABLE `Extras` (
  `id` int(11) NOT NULL AUTO_INCREMENT,
  `method` varchar(512) NOT NULL,
  `type` varchar(512) DEFAULT NULL,
  `extra` varchar(512) NOT NULL,
  `reserved` varchar(512) NOT NULL,
  PRIMARY KEY (`id`)
) ENGINE=InnoDB DEFAULT CHARSET=latin1;
/*!40101 SET character_set_client = @saved_cs_client */;

--
-- Dumping data for table `Extras`
--

LOCK TABLES `Extras` WRITE;
/*!40000 ALTER TABLE `Extras` DISABLE KEYS */;
/*!40000 ALTER TABLE `Extras` ENABLE KEYS */;
UNLOCK TABLES;

--
-- Table structure for table `IActions`
--

DROP TABLE IF EXISTS `IActions`;
/*!40101 SET @saved_cs_client     = @@character_set_client */;
/*!40101 SET character_set_client = utf8 */;
CREATE TABLE `IActions` (
  `id` int(11) NOT NULL AUTO_INCREMENT,
  `intent_id` int(11) NOT NULL,
  `action` int(11) NOT NULL,
  PRIMARY KEY (`id`),
  KEY `intent_id` (`intent_id`),
  KEY `action` (`action`),
  CONSTRAINT `IActions_ibfk_1` FOREIGN KEY (`intent_id`) REFERENCES `Intents` (`id`) ON DELETE CASCADE,
  CONSTRAINT `IActions_ibfk_2` FOREIGN KEY (`action`) REFERENCES `ActionStrings` (`id`)
) ENGINE=InnoDB DEFAULT CHARSET=utf8mb4 COLLATE=utf8mb4_bin;
/*!40101 SET character_set_client = @saved_cs_client */;

--
-- Dumping data for table `IActions`
--

LOCK TABLES `IActions` WRITE;
/*!40000 ALTER TABLE `IActions` DISABLE KEYS */;
/*!40000 ALTER TABLE `IActions` ENABLE KEYS */;
UNLOCK TABLES;

--
-- Table structure for table `ICategories`
--

DROP TABLE IF EXISTS `ICategories`;
/*!40101 SET @saved_cs_client     = @@character_set_client */;
/*!40101 SET character_set_client = utf8 */;
CREATE TABLE `ICategories` (
  `id` int(11) NOT NULL AUTO_INCREMENT,
  `intent_id` int(11) NOT NULL,
  `category` int(11) NOT NULL,
  PRIMARY KEY (`id`),
  KEY `intent_id` (`intent_id`),
  KEY `category` (`category`),
  CONSTRAINT `ICategories_ibfk_1` FOREIGN KEY (`intent_id`) REFERENCES `Intents` (`id`) ON DELETE CASCADE,
  CONSTRAINT `ICategories_ibfk_2` FOREIGN KEY (`category`) REFERENCES `CategoryStrings` (`id`)
) ENGINE=InnoDB DEFAULT CHARSET=utf8mb4 COLLATE=utf8mb4_bin;
/*!40101 SET character_set_client = @saved_cs_client */;

--
-- Dumping data for table `ICategories`
--

LOCK TABLES `ICategories` WRITE;
/*!40000 ALTER TABLE `ICategories` DISABLE KEYS */;
/*!40000 ALTER TABLE `ICategories` ENABLE KEYS */;
UNLOCK TABLES;

--
-- Table structure for table `IClasses`
--

DROP TABLE IF EXISTS `IClasses`;
/*!40101 SET @saved_cs_client     = @@character_set_client */;
/*!40101 SET character_set_client = utf8 */;
CREATE TABLE `IClasses` (
  `id` int(11) NOT NULL AUTO_INCREMENT,
  `intent_id` int(11) NOT NULL,
  `class` varchar(512) COLLATE utf8mb4_bin NOT NULL,
  PRIMARY KEY (`id`),
  KEY `intent_id` (`intent_id`),
  CONSTRAINT `IClasses_ibfk_1` FOREIGN KEY (`intent_id`) REFERENCES `Intents` (`id`) ON DELETE CASCADE
) ENGINE=InnoDB DEFAULT CHARSET=utf8mb4 COLLATE=utf8mb4_bin;
/*!40101 SET character_set_client = @saved_cs_client */;

--
-- Dumping data for table `IClasses`
--

LOCK TABLES `IClasses` WRITE;
/*!40000 ALTER TABLE `IClasses` DISABLE KEYS */;
/*!40000 ALTER TABLE `IClasses` ENABLE KEYS */;
UNLOCK TABLES;

--
-- Table structure for table `IData`
--

DROP TABLE IF EXISTS `IData`;
/*!40101 SET @saved_cs_client     = @@character_set_client */;
/*!40101 SET character_set_client = utf8 */;
CREATE TABLE `IData` (
  `id` int(11) NOT NULL AUTO_INCREMENT,
  `intent_id` int(11) NOT NULL,
  `data` int(11) NOT NULL,
  PRIMARY KEY (`id`),
  KEY `intent_id` (`intent_id`),
  KEY `data` (`data`),
  CONSTRAINT `IData_ibfk_1` FOREIGN KEY (`intent_id`) REFERENCES `Intents` (`id`) ON DELETE CASCADE,
  CONSTRAINT `IData_ibfk_2` FOREIGN KEY (`data`) REFERENCES `UriData` (`id`) ON DELETE CASCADE
) ENGINE=InnoDB DEFAULT CHARSET=utf8mb4 COLLATE=utf8mb4_bin;
/*!40101 SET character_set_client = @saved_cs_client */;

--
-- Dumping data for table `IData`
--

LOCK TABLES `IData` WRITE;
/*!40000 ALTER TABLE `IData` DISABLE KEYS */;
/*!40000 ALTER TABLE `IData` ENABLE KEYS */;
UNLOCK TABLES;

--
-- Table structure for table `IExtras`
--

DROP TABLE IF EXISTS `IExtras`;
/*!40101 SET @saved_cs_client     = @@character_set_client */;
/*!40101 SET character_set_client = utf8 */;
CREATE TABLE `IExtras` (
  `id` int(11) NOT NULL AUTO_INCREMENT,
  `intent_id` int(11) NOT NULL,
  `extra` varchar(512) COLLATE utf8mb4_bin NOT NULL,
  PRIMARY KEY (`id`),
  KEY `intent_id` (`intent_id`),
  CONSTRAINT `IExtras_ibfk_1` FOREIGN KEY (`intent_id`) REFERENCES `Intents` (`id`) ON DELETE CASCADE
) ENGINE=InnoDB DEFAULT CHARSET=utf8mb4 COLLATE=utf8mb4_bin;
/*!40101 SET character_set_client = @saved_cs_client */;

--
-- Dumping data for table `IExtras`
--

LOCK TABLES `IExtras` WRITE;
/*!40000 ALTER TABLE `IExtras` DISABLE KEYS */;
/*!40000 ALTER TABLE `IExtras` ENABLE KEYS */;
UNLOCK TABLES;

--
-- Table structure for table `IFActions`
--

DROP TABLE IF EXISTS `IFActions`;
/*!40101 SET @saved_cs_client     = @@character_set_client */;
/*!40101 SET character_set_client = utf8 */;
CREATE TABLE `IFActions` (
  `id` int(11) NOT NULL AUTO_INCREMENT,
  `filter_id` int(11) NOT NULL,
  `action` int(11) NOT NULL,
  PRIMARY KEY (`id`),
  KEY `filter_id` (`filter_id`),
  KEY `action_idx` (`action`) USING HASH,
  CONSTRAINT `IFActions_ibfk_1` FOREIGN KEY (`filter_id`) REFERENCES `IntentFilters` (`id`) ON DELETE CASCADE,
  CONSTRAINT `IFActions_ibfk_2` FOREIGN KEY (`action`) REFERENCES `ActionStrings` (`id`)
) ENGINE=InnoDB AUTO_INCREMENT=27 DEFAULT CHARSET=utf8mb4 COLLATE=utf8mb4_bin;
/*!40101 SET character_set_client = @saved_cs_client */;

--
-- Dumping data for table `IFActions`
--

LOCK TABLES `IFActions` WRITE;
/*!40000 ALTER TABLE `IFActions` DISABLE KEYS */;
INSERT INTO `IFActions` VALUES (1,1,1),(2,2,2),(3,3,1),(4,4,3),(5,5,2),(6,6,2),(7,7,4),(8,8,4),(9,9,4),(10,10,4),(11,11,5),(12,11,7),(13,11,6),(14,12,8),(15,13,2),(16,14,4),(17,15,9),(18,15,10),(19,15,11),(20,16,4),(21,17,12),(22,18,2),(23,19,4),(24,20,1),(25,21,13),(26,22,2);
/*!40000 ALTER TABLE `IFActions` ENABLE KEYS */;
UNLOCK TABLES;

--
-- Table structure for table `IFCategories`
--

DROP TABLE IF EXISTS `IFCategories`;
/*!40101 SET @saved_cs_client     = @@character_set_client */;
/*!40101 SET character_set_client = utf8 */;
CREATE TABLE `IFCategories` (
  `id` int(11) NOT NULL AUTO_INCREMENT,
  `filter_id` int(11) NOT NULL,
  `category` int(11) NOT NULL,
  PRIMARY KEY (`id`),
  KEY `filter_id` (`filter_id`),
  KEY `category_idx` (`category`) USING HASH,
  CONSTRAINT `IFCategories_ibfk_1` FOREIGN KEY (`filter_id`) REFERENCES `IntentFilters` (`id`) ON DELETE CASCADE,
  CONSTRAINT `IFCategories_ibfk_2` FOREIGN KEY (`category`) REFERENCES `CategoryStrings` (`id`)
) ENGINE=InnoDB AUTO_INCREMENT=12 DEFAULT CHARSET=utf8mb4 COLLATE=utf8mb4_bin;
/*!40101 SET character_set_client = @saved_cs_client */;

--
-- Dumping data for table `IFCategories`
--

LOCK TABLES `IFCategories` WRITE;
/*!40000 ALTER TABLE `IFCategories` DISABLE KEYS */;
INSERT INTO `IFCategories` VALUES (1,5,1),(2,7,2),(3,8,3),(4,9,3),(5,10,3),(6,13,1),(7,14,2),(8,16,2),(9,18,1),(10,19,2),(11,22,1);
/*!40000 ALTER TABLE `IFCategories` ENABLE KEYS */;
UNLOCK TABLES;

--
-- Table structure for table `IFData`
--

DROP TABLE IF EXISTS `IFData`;
/*!40101 SET @saved_cs_client     = @@character_set_client */;
/*!40101 SET character_set_client = utf8 */;
CREATE TABLE `IFData` (
  `id` int(11) NOT NULL AUTO_INCREMENT,
  `filter_id` int(11) DEFAULT NULL,
  `scheme` varchar(128) COLLATE utf8mb4_bin DEFAULT NULL,
  `host` varchar(128) COLLATE utf8mb4_bin DEFAULT NULL,
  `port` varchar(128) COLLATE utf8mb4_bin DEFAULT NULL,
  `path` varchar(128) COLLATE utf8mb4_bin DEFAULT NULL,
  `type` varchar(128) COLLATE utf8mb4_bin DEFAULT NULL,
  `subtype` varchar(128) COLLATE utf8mb4_bin DEFAULT NULL,
  PRIMARY KEY (`id`),
  KEY `filter_id` (`filter_id`),
  CONSTRAINT `IFData_ibfk_1` FOREIGN KEY (`filter_id`) REFERENCES `IntentFilters` (`id`) ON DELETE CASCADE
) ENGINE=InnoDB DEFAULT CHARSET=utf8mb4 COLLATE=utf8mb4_bin;
/*!40101 SET character_set_client = @saved_cs_client */;

--
-- Dumping data for table `IFData`
--

LOCK TABLES `IFData` WRITE;
/*!40000 ALTER TABLE `IFData` DISABLE KEYS */;
/*!40000 ALTER TABLE `IFData` ENABLE KEYS */;
UNLOCK TABLES;

--
-- Table structure for table `IFMimeTypes`
--

DROP TABLE IF EXISTS `IFMimeTypes`;
/*!40101 SET @saved_cs_client     = @@character_set_client */;
/*!40101 SET character_set_client = utf8 */;
CREATE TABLE `IFMimeTypes` (
  `id` int(11) NOT NULL AUTO_INCREMENT,
  `filter_id` int(11) NOT NULL,
  `type` varchar(512) NOT NULL,
  `subtype` varchar(512) NOT NULL,
  PRIMARY KEY (`id`),
  KEY `filter_id` (`filter_id`),
  KEY `type_idx` (`type`,`subtype`),
  CONSTRAINT `IFMimeTypes_ibfk_1` FOREIGN KEY (`filter_id`) REFERENCES `IntentFilters` (`id`) ON DELETE CASCADE
) ENGINE=InnoDB DEFAULT CHARSET=latin1;
/*!40101 SET character_set_client = @saved_cs_client */;

--
-- Dumping data for table `IFMimeTypes`
--

LOCK TABLES `IFMimeTypes` WRITE;
/*!40000 ALTER TABLE `IFMimeTypes` DISABLE KEYS */;
/*!40000 ALTER TABLE `IFMimeTypes` ENABLE KEYS */;
UNLOCK TABLES;

--
-- Table structure for table `IMimeTypes`
--

DROP TABLE IF EXISTS `IMimeTypes`;
/*!40101 SET @saved_cs_client     = @@character_set_client */;
/*!40101 SET character_set_client = utf8 */;
CREATE TABLE `IMimeTypes` (
  `id` int(11) NOT NULL AUTO_INCREMENT,
  `intent_id` int(11) NOT NULL,
  `type` varchar(191) COLLATE utf8mb4_bin NOT NULL,
  `subtype` varchar(191) COLLATE utf8mb4_bin NOT NULL,
  PRIMARY KEY (`id`),
  KEY `intent_id` (`intent_id`),
  KEY `type_idx` (`type`),
  KEY `subtype_idx` (`subtype`),
  CONSTRAINT `IMimeTypes_ibfk_1` FOREIGN KEY (`intent_id`) REFERENCES `Intents` (`id`) ON DELETE CASCADE
) ENGINE=InnoDB DEFAULT CHARSET=utf8mb4 COLLATE=utf8mb4_bin;
/*!40101 SET character_set_client = @saved_cs_client */;

--
-- Dumping data for table `IMimeTypes`
--

LOCK TABLES `IMimeTypes` WRITE;
/*!40000 ALTER TABLE `IMimeTypes` DISABLE KEYS */;
/*!40000 ALTER TABLE `IMimeTypes` ENABLE KEYS */;
UNLOCK TABLES;

--
-- Table structure for table `IPackages`
--

DROP TABLE IF EXISTS `IPackages`;
/*!40101 SET @saved_cs_client     = @@character_set_client */;
/*!40101 SET character_set_client = utf8 */;
CREATE TABLE `IPackages` (
  `id` int(11) NOT NULL AUTO_INCREMENT,
  `intent_id` int(11) NOT NULL,
  `package` varchar(512) COLLATE utf8mb4_bin NOT NULL,
  PRIMARY KEY (`id`),
  KEY `intent_id` (`intent_id`),
  CONSTRAINT `IPackages_ibfk_1` FOREIGN KEY (`intent_id`) REFERENCES `Intents` (`id`) ON DELETE CASCADE
) ENGINE=InnoDB DEFAULT CHARSET=utf8mb4 COLLATE=utf8mb4_bin;
/*!40101 SET character_set_client = @saved_cs_client */;

--
-- Dumping data for table `IPackages`
--

LOCK TABLES `IPackages` WRITE;
/*!40000 ALTER TABLE `IPackages` DISABLE KEYS */;
/*!40000 ALTER TABLE `IPackages` ENABLE KEYS */;
UNLOCK TABLES;

--
-- Table structure for table `IccStmts`
--

DROP TABLE IF EXISTS `IccStmts`;
/*!40101 SET @saved_cs_client     = @@character_set_client */;
/*!40101 SET character_set_client = utf8 */;
CREATE TABLE `IccStmts` (
  `id` int(11) NOT NULL AUTO_INCREMENT,
  `exit_id` int(11) NOT NULL,
  `stmt_id` int(11) NOT NULL,
  PRIMARY KEY (`id`)
) ENGINE=InnoDB DEFAULT CHARSET=latin1;
/*!40101 SET character_set_client = @saved_cs_client */;

--
-- Dumping data for table `IccStmts`
--

LOCK TABLES `IccStmts` WRITE;
/*!40000 ALTER TABLE `IccStmts` DISABLE KEYS */;
/*!40000 ALTER TABLE `IccStmts` ENABLE KEYS */;
UNLOCK TABLES;

--
-- Table structure for table `IntentFilters`
--

DROP TABLE IF EXISTS `IntentFilters`;
/*!40101 SET @saved_cs_client     = @@character_set_client */;
/*!40101 SET character_set_client = utf8 */;
CREATE TABLE `IntentFilters` (
  `id` int(11) NOT NULL AUTO_INCREMENT,
  `component_id` int(11) NOT NULL,
  `alias` tinyint(1) DEFAULT NULL,
  PRIMARY KEY (`id`),
  KEY `c_id_idx` (`component_id`) USING HASH,
  CONSTRAINT `IntentFilters_ibfk_1` FOREIGN KEY (`component_id`) REFERENCES `Components` (`id`) ON DELETE CASCADE
) ENGINE=InnoDB AUTO_INCREMENT=23 DEFAULT CHARSET=utf8mb4 COLLATE=utf8mb4_bin;
/*!40101 SET character_set_client = @saved_cs_client */;

--
-- Dumping data for table `IntentFilters`
--

LOCK TABLES `IntentFilters` WRITE;
/*!40000 ALTER TABLE `IntentFilters` DISABLE KEYS */;
INSERT INTO `IntentFilters` VALUES (1,3,0),(2,5,0),(3,9,0),(4,10,0),(5,14,0),(6,15,0),(7,17,0),(8,18,0),(9,20,0),(10,22,0),(11,24,0),(12,26,0),(13,30,0),(14,31,0),(15,34,0),(16,35,0),(17,45,0),(18,49,0),(19,51,0),(20,54,0),(21,56,0),(22,61,0);
/*!40000 ALTER TABLE `IntentFilters` ENABLE KEYS */;
UNLOCK TABLES;

--
-- Table structure for table `IntentPermissions`
--

DROP TABLE IF EXISTS `IntentPermissions`;
/*!40101 SET @saved_cs_client     = @@character_set_client */;
/*!40101 SET character_set_client = utf8 */;
CREATE TABLE `IntentPermissions` (
  `id` int(11) NOT NULL AUTO_INCREMENT,
  `exit_id` int(11) NOT NULL,
  `i_permission` int(11) NOT NULL,
  PRIMARY KEY (`id`),
  KEY `exit_id` (`exit_id`),
  KEY `i_permission` (`i_permission`),
  CONSTRAINT `IntentPermissions_ibfk_1` FOREIGN KEY (`exit_id`) REFERENCES `ExitPoints` (`id`) ON DELETE CASCADE,
  CONSTRAINT `IntentPermissions_ibfk_2` FOREIGN KEY (`i_permission`) REFERENCES `PermissionStrings` (`id`)
) ENGINE=InnoDB DEFAULT CHARSET=utf8mb4 COLLATE=utf8mb4_bin;
/*!40101 SET character_set_client = @saved_cs_client */;

--
-- Dumping data for table `IntentPermissions`
--

LOCK TABLES `IntentPermissions` WRITE;
/*!40000 ALTER TABLE `IntentPermissions` DISABLE KEYS */;
/*!40000 ALTER TABLE `IntentPermissions` ENABLE KEYS */;
UNLOCK TABLES;

--
-- Table structure for table `Intents`
--

DROP TABLE IF EXISTS `Intents`;
/*!40101 SET @saved_cs_client     = @@character_set_client */;
/*!40101 SET character_set_client = utf8 */;
CREATE TABLE `Intents` (
  `id` int(11) NOT NULL AUTO_INCREMENT,
  `exit_id` int(11) NOT NULL,
  `implicit` tinyint(1) NOT NULL,
  `alias` tinyint(1) NOT NULL,
  PRIMARY KEY (`id`),
  KEY `exit_id` (`exit_id`),
  CONSTRAINT `Intents_ibfk_1` FOREIGN KEY (`exit_id`) REFERENCES `ExitPoints` (`id`) ON DELETE CASCADE
) ENGINE=InnoDB DEFAULT CHARSET=utf8mb4 COLLATE=utf8mb4_bin;
/*!40101 SET character_set_client = @saved_cs_client */;

--
-- Dumping data for table `Intents`
--

LOCK TABLES `Intents` WRITE;
/*!40000 ALTER TABLE `Intents` DISABLE KEYS */;
/*!40000 ALTER TABLE `Intents` ENABLE KEYS */;
UNLOCK TABLES;

--
-- Table structure for table `Links`
--

DROP TABLE IF EXISTS `Links`;
/*!40101 SET @saved_cs_client     = @@character_set_client */;
/*!40101 SET character_set_client = utf8 */;
CREATE TABLE `Links` (
  `id` int(11) NOT NULL AUTO_INCREMENT,
  `intent_id` int(11) NOT NULL,
  `component_id` int(11) NOT NULL,
  `type` int(11) DEFAULT '0',
  `reserved` varchar(512) COLLATE utf8mb4_bin DEFAULT NULL,
  PRIMARY KEY (`id`)
) ENGINE=InnoDB DEFAULT CHARSET=utf8mb4 COLLATE=utf8mb4_bin;
/*!40101 SET character_set_client = @saved_cs_client */;

--
-- Dumping data for table `Links`
--

LOCK TABLES `Links` WRITE;
/*!40000 ALTER TABLE `Links` DISABLE KEYS */;
/*!40000 ALTER TABLE `Links` ENABLE KEYS */;
UNLOCK TABLES;

--
-- Table structure for table `PAuthorities`
--

DROP TABLE IF EXISTS `PAuthorities`;
/*!40101 SET @saved_cs_client     = @@character_set_client */;
/*!40101 SET character_set_client = utf8 */;
CREATE TABLE `PAuthorities` (
  `id` int(11) NOT NULL AUTO_INCREMENT,
  `provider_id` int(11) NOT NULL,
  `authority` varchar(512) COLLATE utf8mb4_bin NOT NULL,
  PRIMARY KEY (`id`),
  KEY `provider_id` (`provider_id`),
  CONSTRAINT `PAuthorities_ibfk_1` FOREIGN KEY (`provider_id`) REFERENCES `Providers` (`id`)
) ENGINE=InnoDB DEFAULT CHARSET=utf8mb4 COLLATE=utf8mb4_bin;
/*!40101 SET character_set_client = @saved_cs_client */;

--
-- Dumping data for table `PAuthorities`
--

LOCK TABLES `PAuthorities` WRITE;
/*!40000 ALTER TABLE `PAuthorities` DISABLE KEYS */;
/*!40000 ALTER TABLE `PAuthorities` ENABLE KEYS */;
UNLOCK TABLES;

--
-- Table structure for table `Paths`
--

DROP TABLE IF EXISTS `Paths`;
/*!40101 SET @saved_cs_client     = @@character_set_client */;
/*!40101 SET character_set_client = utf8 */;
CREATE TABLE `Paths` (
  `id` int(11) NOT NULL AUTO_INCREMENT,
  `app_id` int(11) NOT NULL,
  `source` int(11) NOT NULL,
  `sink` int(11) NOT NULL,
  `paths` text,
  `type` varchar(512) NOT NULL,
  `icc` int(11) NOT NULL,
  `reserved` varchar(512) NOT NULL,
  PRIMARY KEY (`id`)
) ENGINE=InnoDB DEFAULT CHARSET=latin1;
/*!40101 SET character_set_client = @saved_cs_client */;

--
-- Dumping data for table `Paths`
--

LOCK TABLES `Paths` WRITE;
/*!40000 ALTER TABLE `Paths` DISABLE KEYS */;
/*!40000 ALTER TABLE `Paths` ENABLE KEYS */;
UNLOCK TABLES;

--
-- Table structure for table `PermissionStrings`
--

DROP TABLE IF EXISTS `PermissionStrings`;
/*!40101 SET @saved_cs_client     = @@character_set_client */;
/*!40101 SET character_set_client = utf8 */;
CREATE TABLE `PermissionStrings` (
  `id` int(11) NOT NULL AUTO_INCREMENT,
  `st` varchar(191) COLLATE utf8mb4_bin NOT NULL,
  PRIMARY KEY (`id`),
  UNIQUE KEY `st` (`st`),
  KEY `st_idx` (`st`) USING HASH
) ENGINE=InnoDB AUTO_INCREMENT=30 DEFAULT CHARSET=utf8mb4 COLLATE=utf8mb4_bin;
/*!40101 SET character_set_client = @saved_cs_client */;

--
-- Dumping data for table `PermissionStrings`
--

LOCK TABLES `PermissionStrings` WRITE;
/*!40000 ALTER TABLE `PermissionStrings` DISABLE KEYS */;
INSERT INTO `PermissionStrings` VALUES (5,'android.permission.ACCESS_COARSE_LOCATION'),(10,'android.permission.ACCESS_FINE_LOCATION'),(19,'android.permission.ACCESS_LOCATION_EXTRA_COMMANDS'),(12,'android.permission.ACCESS_NETWORK_STATE'),(4,'android.permission.ACCESS_WIFI_STATE'),(15,'android.permission.BIND_WALLPAPER'),(29,'android.permission.FLASHLIGHT'),(18,'android.permission.INTERNET'),(6,'android.permission.READ_PHONE_STATE'),(7,'android.permission.RECEIVE_BOOT_COMPLETED'),(27,'android.permission.SET_WALLPAPER'),(22,'android.permission.VIBRATE'),(13,'android.permission.WAKE_LOCK'),(26,'android.permission.WRITE_EXTERNAL_STORAGE'),(24,'com.android.browser.permission.READ_HISTORY_BOOKMARKS'),(9,'com.android.browser.permission.WRITE_HISTORY_BOOKMARKS'),(14,'com.android.launcher.permission.INSTALL_SHORTCUT'),(23,'com.android.launcher.permission.READ_SETTINGS'),(17,'com.android.launcher.permission.UNINSTALL_SHORTCUT'),(28,'com.android.vending.BILLING'),(20,'com.fede.launcher.permission.READ_SETTINGS'),(16,'com.htc.launcher.permission.READ_SETTINGS'),(1,'com.lge.launcher.permission.INSTALL_SHORTCUT'),(8,'com.lge.launcher.permission.READ_SETTINGS'),(2,'com.motorola.dlauncher.permission.INSTALL_SHORTCUT'),(3,'com.motorola.dlauncher.permission.READ_SETTINGS'),(11,'com.motorola.launcher.permission.INSTALL_SHORTCUT'),(25,'com.motorola.launcher.permission.READ_SETTINGS'),(21,'org.adw.launcher.permission.READ_SETTINGS');
/*!40000 ALTER TABLE `PermissionStrings` ENABLE KEYS */;
UNLOCK TABLES;

--
-- Table structure for table `Permissions`
--

DROP TABLE IF EXISTS `Permissions`;
/*!40101 SET @saved_cs_client     = @@character_set_client */;
/*!40101 SET character_set_client = utf8 */;
CREATE TABLE `Permissions` (
  `id` int(11) NOT NULL,
  `level` char(1) COLLATE utf8mb4_bin NOT NULL,
  PRIMARY KEY (`id`,`level`),
  CONSTRAINT `Permissions_ibfk_1` FOREIGN KEY (`id`) REFERENCES `PermissionStrings` (`id`)
) ENGINE=InnoDB DEFAULT CHARSET=utf8mb4 COLLATE=utf8mb4_bin;
/*!40101 SET character_set_client = @saved_cs_client */;

--
-- Dumping data for table `Permissions`
--

LOCK TABLES `Permissions` WRITE;
/*!40000 ALTER TABLE `Permissions` DISABLE KEYS */;
/*!40000 ALTER TABLE `Permissions` ENABLE KEYS */;
UNLOCK TABLES;

--
-- Table structure for table `ProviderLinks`
--

DROP TABLE IF EXISTS `ProviderLinks`;
/*!40101 SET @saved_cs_client     = @@character_set_client */;
/*!40101 SET character_set_client = utf8 */;
CREATE TABLE `ProviderLinks` (
  `id` int(11) NOT NULL AUTO_INCREMENT,
  `src_component_id` int(11) NOT NULL,
  `dest_component_id` int(11) NOT NULL,
  `reserved` varchar(512) COLLATE utf8mb4_bin DEFAULT NULL,
  PRIMARY KEY (`id`)
) ENGINE=InnoDB DEFAULT CHARSET=utf8mb4 COLLATE=utf8mb4_bin;
/*!40101 SET character_set_client = @saved_cs_client */;

--
-- Dumping data for table `ProviderLinks`
--

LOCK TABLES `ProviderLinks` WRITE;
/*!40000 ALTER TABLE `ProviderLinks` DISABLE KEYS */;
/*!40000 ALTER TABLE `ProviderLinks` ENABLE KEYS */;
UNLOCK TABLES;

--
-- Table structure for table `Providers`
--

DROP TABLE IF EXISTS `Providers`;
/*!40101 SET @saved_cs_client     = @@character_set_client */;
/*!40101 SET character_set_client = utf8 */;
CREATE TABLE `Providers` (
  `id` int(11) NOT NULL AUTO_INCREMENT,
  `component_id` int(11) NOT NULL,
  `grant_uri_permissions` tinyint(1) NOT NULL,
  `read_permission` varchar(512) COLLATE utf8mb4_bin DEFAULT NULL,
  `write_permission` varchar(512) COLLATE utf8mb4_bin DEFAULT NULL,
  PRIMARY KEY (`id`),
  KEY `component_id` (`component_id`),
  CONSTRAINT `Providers_ibfk_1` FOREIGN KEY (`component_id`) REFERENCES `Components` (`id`)
) ENGINE=InnoDB DEFAULT CHARSET=utf8mb4 COLLATE=utf8mb4_bin;
/*!40101 SET character_set_client = @saved_cs_client */;

--
-- Dumping data for table `Providers`
--

LOCK TABLES `Providers` WRITE;
/*!40000 ALTER TABLE `Providers` DISABLE KEYS */;
/*!40000 ALTER TABLE `Providers` ENABLE KEYS */;
UNLOCK TABLES;

--
-- Table structure for table `Stmts`
--

DROP TABLE IF EXISTS `Stmts`;
/*!40101 SET @saved_cs_client     = @@character_set_client */;
/*!40101 SET character_set_client = utf8 */;
CREATE TABLE `Stmts` (
  `id` int(11) NOT NULL AUTO_INCREMENT,
  `stmt` varchar(512) NOT NULL,
  `method` varchar(512) NOT NULL,
  `class_id` int(11) NOT NULL,
  `jimpleIndex` int(11) NOT NULL,
  `isIcc` tinyint(1) NOT NULL,
  `type` varchar(512) NOT NULL,
  `reserved` varchar(512) NOT NULL,
  PRIMARY KEY (`id`)
) ENGINE=InnoDB DEFAULT CHARSET=latin1;
/*!40101 SET character_set_client = @saved_cs_client */;

--
-- Dumping data for table `Stmts`
--

LOCK TABLES `Stmts` WRITE;
/*!40000 ALTER TABLE `Stmts` DISABLE KEYS */;
/*!40000 ALTER TABLE `Stmts` ENABLE KEYS */;
UNLOCK TABLES;

--
-- Table structure for table `UriData`
--

DROP TABLE IF EXISTS `UriData`;
/*!40101 SET @saved_cs_client     = @@character_set_client */;
/*!40101 SET character_set_client = utf8 */;
CREATE TABLE `UriData` (
  `id` int(11) NOT NULL AUTO_INCREMENT,
  `scheme` varchar(128) COLLATE utf8mb4_bin DEFAULT NULL,
  `ssp` varchar(128) COLLATE utf8mb4_bin DEFAULT NULL,
  `uri` longtext COLLATE utf8mb4_bin,
  `path` varchar(128) COLLATE utf8mb4_bin DEFAULT NULL,
  `query` varchar(512) COLLATE utf8mb4_bin DEFAULT NULL,
  `authority` varchar(128) COLLATE utf8mb4_bin DEFAULT NULL,
  PRIMARY KEY (`id`)
) ENGINE=InnoDB DEFAULT CHARSET=utf8mb4 COLLATE=utf8mb4_bin;
/*!40101 SET character_set_client = @saved_cs_client */;

--
-- Dumping data for table `UriData`
--

LOCK TABLES `UriData` WRITE;
/*!40000 ALTER TABLE `UriData` DISABLE KEYS */;
/*!40000 ALTER TABLE `UriData` ENABLE KEYS */;
UNLOCK TABLES;

--
-- Table structure for table `Uris`
--

DROP TABLE IF EXISTS `Uris`;
/*!40101 SET @saved_cs_client     = @@character_set_client */;
/*!40101 SET character_set_client = utf8 */;
CREATE TABLE `Uris` (
  `id` int(11) NOT NULL AUTO_INCREMENT,
  `exit_id` int(11) NOT NULL,
  `data` int(11) DEFAULT NULL,
  PRIMARY KEY (`id`),
  KEY `exit_id` (`exit_id`),
  KEY `data` (`data`),
  CONSTRAINT `Uris_ibfk_1` FOREIGN KEY (`exit_id`) REFERENCES `ExitPoints` (`id`) ON DELETE CASCADE,
  CONSTRAINT `Uris_ibfk_2` FOREIGN KEY (`data`) REFERENCES `UriData` (`id`) ON DELETE CASCADE
) ENGINE=InnoDB DEFAULT CHARSET=utf8mb4 COLLATE=utf8mb4_bin;
/*!40101 SET character_set_client = @saved_cs_client */;

--
-- Dumping data for table `Uris`
--

LOCK TABLES `Uris` WRITE;
/*!40000 ALTER TABLE `Uris` DISABLE KEYS */;
/*!40000 ALTER TABLE `Uris` ENABLE KEYS */;
UNLOCK TABLES;

--
-- Table structure for table `UsesPermissions`
--

DROP TABLE IF EXISTS `UsesPermissions`;
/*!40101 SET @saved_cs_client     = @@character_set_client */;
/*!40101 SET character_set_client = utf8 */;
CREATE TABLE `UsesPermissions` (
  `id` int(11) NOT NULL AUTO_INCREMENT,
  `app_id` int(11) NOT NULL,
  `uses_permission` int(11) NOT NULL,
  PRIMARY KEY (`id`),
  KEY `app_id` (`app_id`),
  KEY `uses_permission_idx` (`uses_permission`) USING HASH,
  CONSTRAINT `UsesPermissions_ibfk_1` FOREIGN KEY (`app_id`) REFERENCES `Applications` (`id`) ON DELETE CASCADE,
  CONSTRAINT `UsesPermissions_ibfk_2` FOREIGN KEY (`uses_permission`) REFERENCES `PermissionStrings` (`id`)
) ENGINE=InnoDB AUTO_INCREMENT=124 DEFAULT CHARSET=utf8mb4 COLLATE=utf8mb4_bin;
/*!40101 SET character_set_client = @saved_cs_client */;

--
-- Dumping data for table `UsesPermissions`
--

LOCK TABLES `UsesPermissions` WRITE;
/*!40000 ALTER TABLE `UsesPermissions` DISABLE KEYS */;
INSERT INTO `UsesPermissions` VALUES (1,1,1),(2,1,2),(3,1,3),(4,1,4),(5,1,5),(6,1,6),(7,1,7),(8,1,8),(9,1,9),(10,1,10),(11,1,11),(12,1,12),(13,1,13),(14,1,14),(15,1,15),(16,1,17),(17,1,16),(18,1,19),(19,1,18),(20,1,21),(21,1,20),(22,1,23),(23,1,22),(24,1,25),(25,1,24),(26,2,1),(27,2,2),(28,2,3),(29,2,4),(30,2,5),(31,2,6),(32,2,7),(33,2,8),(34,2,9),(35,2,11),(36,2,12),(37,2,13),(38,2,14),(39,2,17),(40,2,16),(41,2,18),(42,2,21),(43,2,20),(44,2,22),(45,2,25),(46,2,24),(47,2,26),(48,3,1),(49,3,2),(50,3,3),(51,3,4),(52,3,5),(53,3,6),(54,3,7),(55,3,8),(56,3,9),(57,3,10),(58,3,11),(59,3,12),(60,3,14),(61,3,17),(62,3,16),(63,3,18),(64,3,21),(65,3,20),(66,3,23),(67,3,22),(68,3,25),(69,3,24),(70,3,27),(71,3,26),(72,4,17),(73,4,23),(74,4,24),(75,5,1),(76,4,9),(77,5,2),(78,4,28),(79,5,3),(80,4,14),(81,5,4),(82,5,6),(83,5,7),(84,5,8),(85,5,9),(86,5,11),(87,5,12),(88,5,14),(89,5,17),(90,5,16),(91,5,18),(92,5,21),(93,5,20),(94,5,23),(95,5,22),(96,5,25),(97,5,24),(98,5,29),(99,6,1),(100,6,2),(101,6,3),(102,6,4),(103,6,5),(104,6,6),(105,6,7),(106,6,8),(107,6,9),(108,6,10),(109,6,11),(110,6,12),(111,6,13),(112,6,14),(113,6,17),(114,6,16),(115,6,19),(116,6,18),(117,6,21),(118,6,20),(119,6,23),(120,6,22),(121,6,25),(122,6,24),(123,6,26);
/*!40000 ALTER TABLE `UsesPermissions` ENABLE KEYS */;
UNLOCK TABLES;
/*!40103 SET TIME_ZONE=@OLD_TIME_ZONE */;

/*!40101 SET SQL_MODE=@OLD_SQL_MODE */;
/*!40014 SET FOREIGN_KEY_CHECKS=@OLD_FOREIGN_KEY_CHECKS */;
/*!40014 SET UNIQUE_CHECKS=@OLD_UNIQUE_CHECKS */;
/*!40101 SET CHARACTER_SET_CLIENT=@OLD_CHARACTER_SET_CLIENT */;
/*!40101 SET CHARACTER_SET_RESULTS=@OLD_CHARACTER_SET_RESULTS */;
/*!40101 SET COLLATION_CONNECTION=@OLD_COLLATION_CONNECTION */;
/*!40111 SET SQL_NOTES=@OLD_SQL_NOTES */;

-- Dump completed on 2015-10-12  3:31:21
