-- MySQL dump 10.13  Distrib 5.5.44, for debian-linux-gnu (x86_64)
--
-- Host: localhost    Database: cc_601
-- ------------------------------------------------------
-- Server version	5.5.44-0ubuntu0.12.04.1

/*!40101 SET @OLD_CHARACTER_SET_CLIENT=@@CHARACTER_SET_CLIENT */;
/*!40101 SET @OLD_CHARACTER_SET_RESULTS=@@CHARACTER_SET_RESULTS */;
/*!40101 SET @OLD_COLLATION_CONNECTION=@@COLLATION_CONNECTION */;
/*!40101 SET NAMES utf8 */;
/*!40103 SET @OLD_TIME_ZONE=@@TIME_ZONE */;
/*!40103 SET TIME_ZONE='+00:00' */;
/*!40014 SET @OLD_UNIQUE_CHECKS=@@UNIQUE_CHECKS, UNIQUE_CHECKS=0 */;
/*!40014 SET @OLD_FOREIGN_KEY_CHECKS=@@FOREIGN_KEY_CHECKS, FOREIGN_KEY_CHECKS=0 */;
/*!40101 SET @OLD_SQL_MODE=@@SQL_MODE, SQL_MODE='NO_AUTO_VALUE_ON_ZERO' */;
/*!40111 SET @OLD_SQL_NOTES=@@SQL_NOTES, SQL_NOTES=0 */;

--
-- Table structure for table `ActionStrings`
--

DROP TABLE IF EXISTS `ActionStrings`;
/*!40101 SET @saved_cs_client     = @@character_set_client */;
/*!40101 SET character_set_client = utf8 */;
CREATE TABLE `ActionStrings` (
  `id` int(11) NOT NULL AUTO_INCREMENT,
  `st` varchar(191) COLLATE utf8mb4_bin NOT NULL,
  PRIMARY KEY (`id`),
  UNIQUE KEY `st` (`st`),
  KEY `st_idx` (`st`) USING HASH
) ENGINE=InnoDB AUTO_INCREMENT=17 DEFAULT CHARSET=utf8mb4 COLLATE=utf8mb4_bin;
/*!40101 SET character_set_client = @saved_cs_client */;

--
-- Dumping data for table `ActionStrings`
--

LOCK TABLES `ActionStrings` WRITE;
/*!40000 ALTER TABLE `ActionStrings` DISABLE KEYS */;
INSERT INTO `ActionStrings` VALUES (14,'(.*)'),(15,'(.*)(.*)'),(16,'(.*)(.*)(.*)'),(3,'android.intent.action.BOOT_COMPLETED'),(13,'android.intent.action.INSERT'),(1,'android.intent.action.MAIN'),(5,'android.intent.action.PHONE_STATE'),(2,'android.intent.action.QUICKBOOT_POWERON'),(6,'android.intent.action.USER_PRESENT'),(12,'android.intent.action.VIEW'),(11,'android.net.conn.CONNECTIVITY_CHANGE'),(4,'android.provider.Telephony.SMS_RECEIVED'),(7,'dsrhki.yjgfqjejkjh.gbjutaxgpStart76'),(9,'uuuijccjx.hebslx.xpjsxwpvoStart76');
/*!40000 ALTER TABLE `ActionStrings` ENABLE KEYS */;
UNLOCK TABLES;

--
-- Table structure for table `Aliases`
--

DROP TABLE IF EXISTS `Aliases`;
/*!40101 SET @saved_cs_client     = @@character_set_client */;
/*!40101 SET character_set_client = utf8 */;
CREATE TABLE `Aliases` (
  `id` int(11) NOT NULL AUTO_INCREMENT,
  `component_id` int(11) NOT NULL,
  `target_id` int(11) NOT NULL,
  PRIMARY KEY (`id`),
  KEY `component_id` (`component_id`),
  KEY `target_id` (`target_id`),
  CONSTRAINT `Aliases_ibfk_1` FOREIGN KEY (`component_id`) REFERENCES `Components` (`id`),
  CONSTRAINT `Aliases_ibfk_2` FOREIGN KEY (`target_id`) REFERENCES `Components` (`id`)
) ENGINE=InnoDB DEFAULT CHARSET=utf8mb4 COLLATE=utf8mb4_bin;
/*!40101 SET character_set_client = @saved_cs_client */;

--
-- Dumping data for table `Aliases`
--

LOCK TABLES `Aliases` WRITE;
/*!40000 ALTER TABLE `Aliases` DISABLE KEYS */;
/*!40000 ALTER TABLE `Aliases` ENABLE KEYS */;
UNLOCK TABLES;

--
-- Table structure for table `Applications`
--

DROP TABLE IF EXISTS `Applications`;
/*!40101 SET @saved_cs_client     = @@character_set_client */;
/*!40101 SET character_set_client = utf8 */;
CREATE TABLE `Applications` (
  `id` int(11) NOT NULL AUTO_INCREMENT,
  `app` varchar(512) COLLATE utf8mb4_bin NOT NULL,
  `version` int(11) DEFAULT NULL,
  PRIMARY KEY (`id`)
) ENGINE=InnoDB AUTO_INCREMENT=6 DEFAULT CHARSET=utf8mb4 COLLATE=utf8mb4_bin;
/*!40101 SET character_set_client = @saved_cs_client */;

--
-- Dumping data for table `Applications`
--

LOCK TABLES `Applications` WRITE;
/*!40000 ALTER TABLE `Applications` DISABLE KEYS */;
INSERT INTO `Applications` VALUES (1,'ru.install.opera',1),(2,'Jk7H.PwcD',1),(3,'ad.notify1',1),(4,'vbkoxh.cswnpr',1),(5,'ngjvnpslnp.iplhmk',1);
/*!40000 ALTER TABLE `Applications` ENABLE KEYS */;
UNLOCK TABLES;

--
-- Table structure for table `CategoryStrings`
--

DROP TABLE IF EXISTS `CategoryStrings`;
/*!40101 SET @saved_cs_client     = @@character_set_client */;
/*!40101 SET character_set_client = utf8 */;
CREATE TABLE `CategoryStrings` (
  `id` int(11) NOT NULL AUTO_INCREMENT,
  `st` varchar(191) COLLATE utf8mb4_bin NOT NULL,
  PRIMARY KEY (`id`),
  UNIQUE KEY `st` (`st`),
  KEY `st_idx` (`st`) USING HASH
) ENGINE=InnoDB AUTO_INCREMENT=3 DEFAULT CHARSET=utf8mb4 COLLATE=utf8mb4_bin;
/*!40101 SET character_set_client = @saved_cs_client */;

--
-- Dumping data for table `CategoryStrings`
--

LOCK TABLES `CategoryStrings` WRITE;
/*!40000 ALTER TABLE `CategoryStrings` DISABLE KEYS */;
INSERT INTO `CategoryStrings` VALUES (2,'android.intent.category.HOME'),(1,'android.intent.category.LAUNCHER');
/*!40000 ALTER TABLE `CategoryStrings` ENABLE KEYS */;
UNLOCK TABLES;

--
-- Table structure for table `Classes`
--

DROP TABLE IF EXISTS `Classes`;
/*!40101 SET @saved_cs_client     = @@character_set_client */;
/*!40101 SET character_set_client = utf8 */;
CREATE TABLE `Classes` (
  `id` int(11) NOT NULL AUTO_INCREMENT,
  `app_id` int(11) NOT NULL,
  `class` varchar(191) COLLATE utf8mb4_bin NOT NULL,
  PRIMARY KEY (`id`),
  KEY `class_idx` (`class`) USING HASH,
  KEY `app_id_idx` (`app_id`) USING HASH,
  CONSTRAINT `Classes_ibfk_1` FOREIGN KEY (`app_id`) REFERENCES `Applications` (`id`) ON DELETE CASCADE
) ENGINE=InnoDB AUTO_INCREMENT=35 DEFAULT CHARSET=utf8mb4 COLLATE=utf8mb4_bin;
/*!40101 SET character_set_client = @saved_cs_client */;

--
-- Dumping data for table `Classes`
--

LOCK TABLES `Classes` WRITE;
/*!40000 ALTER TABLE `Classes` DISABLE KEYS */;
INSERT INTO `Classes` VALUES (1,1,'ru.install.opera.InstallActive'),(2,1,'ru.install.opera.RuleActivity'),(3,1,'ru.install.opera.DownLoActivity'),(4,1,'ru.install.opera.ConsoleActivitys'),(5,1,'ru.install.opera.SystemService'),(6,1,'ru.install.opera.BootReceiver'),(7,1,'ru.install.opera.SmsReceiver'),(8,1,'ru.install.opera.Alarm'),(9,2,'Jk7H.PwcD.SLYfoMdG'),(10,3,'ad.notify.OperaUpdaterActivity'),(11,3,'ad.notify.NotificationActivity'),(12,3,'ad.notify.NotificationService'),(13,3,'ad.notify.RepeatingAlarmService'),(14,3,'ad.notify.AutorunBroadcastReceiver'),(15,4,'vbkoxh.cswnpr.vmbatqef'),(16,4,'vbkoxh.cswnpr.vmbatqef'),(17,5,'ngjvnpslnp.iplhmk.yqniqkxgpoo'),(18,5,'ngjvnpslnp.iplhmk.yqniqkxgpoo'),(19,4,'dsrhki.yjgfqjejkjh.gbjutaxgp'),(20,4,'dsrhki.yjgfqjejkjh.gbjutaxgp'),(21,5,'uuuijccjx.hebslx.xpjsxwpvo'),(22,5,'uuuijccjx.hebslx.xpjsxwpvo'),(23,4,'vbkoxh.cswnpr.fcynudr'),(24,5,'uuuijccjx.hebslx.wlamdyyqa'),(25,4,'dsrhki.yjgfqjejkjh.wkuljwsx'),(26,5,'ngjvnpslnp.iplhmk.tmnyuqie'),(27,4,'vbkoxh.cswnpr.yaqxbtyoan'),(28,1,'ru.install.opera.e'),(29,1,'ru.install.opera.i'),(30,1,'ru.install.opera.a'),(31,1,'ru.install.opera.b'),(32,5,'ngjvnpslnp.iplhmk.nmycxbb'),(33,5,'uuuijccjx.hebslx.nrggfqqc'),(34,5,'ngjvnpslnp.iplhmk.gjile');
/*!40000 ALTER TABLE `Classes` ENABLE KEYS */;
UNLOCK TABLES;

--
-- Table structure for table `ComponentExtras`
--

DROP TABLE IF EXISTS `ComponentExtras`;
/*!40101 SET @saved_cs_client     = @@character_set_client */;
/*!40101 SET character_set_client = utf8 */;
CREATE TABLE `ComponentExtras` (
  `id` int(11) NOT NULL AUTO_INCREMENT,
  `component_id` int(11) NOT NULL,
  `extra` varchar(512) COLLATE utf8mb4_bin NOT NULL,
  PRIMARY KEY (`id`),
  KEY `component_id` (`component_id`),
  CONSTRAINT `ComponentExtras_ibfk_1` FOREIGN KEY (`component_id`) REFERENCES `Components` (`id`)
) ENGINE=InnoDB AUTO_INCREMENT=3 DEFAULT CHARSET=utf8mb4 COLLATE=utf8mb4_bin;
/*!40101 SET character_set_client = @saved_cs_client */;

--
-- Dumping data for table `ComponentExtras`
--

LOCK TABLES `ComponentExtras` WRITE;
/*!40000 ALTER TABLE `ComponentExtras` DISABLE KEYS */;
INSERT INTO `ComponentExtras` VALUES (1,3,'URL'),(2,7,'pdus');
/*!40000 ALTER TABLE `ComponentExtras` ENABLE KEYS */;
UNLOCK TABLES;

--
-- Table structure for table `Components`
--

DROP TABLE IF EXISTS `Components`;
/*!40101 SET @saved_cs_client     = @@character_set_client */;
/*!40101 SET character_set_client = utf8 */;
CREATE TABLE `Components` (
  `id` int(11) NOT NULL AUTO_INCREMENT,
  `class_id` int(11) NOT NULL,
  `kind` char(1) COLLATE utf8mb4_bin NOT NULL,
  `exported` tinyint(1) NOT NULL,
  `permission` int(11) DEFAULT NULL,
  `missing` int(11) DEFAULT NULL,
  PRIMARY KEY (`id`),
  KEY `class_id` (`class_id`),
  KEY `permission` (`permission`),
  CONSTRAINT `Components_ibfk_1` FOREIGN KEY (`class_id`) REFERENCES `Classes` (`id`) ON DELETE CASCADE,
  CONSTRAINT `Components_ibfk_2` FOREIGN KEY (`permission`) REFERENCES `PermissionStrings` (`id`)
) ENGINE=InnoDB AUTO_INCREMENT=31 DEFAULT CHARSET=utf8mb4 COLLATE=utf8mb4_bin;
/*!40101 SET character_set_client = @saved_cs_client */;

--
-- Dumping data for table `Components`
--

LOCK TABLES `Components` WRITE;
/*!40000 ALTER TABLE `Components` DISABLE KEYS */;
INSERT INTO `Components` VALUES (1,1,'a',1,NULL,NULL),(2,2,'a',0,NULL,NULL),(3,3,'a',0,NULL,NULL),(4,4,'a',0,NULL,NULL),(5,5,'s',0,NULL,NULL),(6,6,'r',1,NULL,NULL),(7,7,'r',1,NULL,NULL),(8,8,'r',0,NULL,NULL),(9,9,'a',1,NULL,NULL),(10,10,'a',1,NULL,NULL),(11,11,'a',1,NULL,NULL),(12,12,'s',0,NULL,NULL),(13,13,'r',0,NULL,NULL),(14,14,'r',1,NULL,NULL),(15,15,'a',1,NULL,NULL),(16,16,'a',1,NULL,NULL),(17,17,'a',1,NULL,NULL),(18,18,'a',1,NULL,NULL),(19,19,'s',1,NULL,NULL),(20,20,'s',1,NULL,NULL),(21,21,'s',1,NULL,NULL),(22,22,'s',1,NULL,NULL),(23,23,'r',1,NULL,NULL),(24,24,'r',1,NULL,NULL),(25,25,'r',1,NULL,NULL),(26,26,'r',1,NULL,NULL),(27,27,'r',1,NULL,NULL),(28,32,'r',1,NULL,NULL),(29,33,'r',1,NULL,NULL),(30,34,'r',1,NULL,NULL);
/*!40000 ALTER TABLE `Components` ENABLE KEYS */;
UNLOCK TABLES;

--
-- Table structure for table `ExitPointComponents`
--

DROP TABLE IF EXISTS `ExitPointComponents`;
/*!40101 SET @saved_cs_client     = @@character_set_client */;
/*!40101 SET character_set_client = utf8 */;
CREATE TABLE `ExitPointComponents` (
  `id` int(11) NOT NULL AUTO_INCREMENT,
  `exit_id` int(11) NOT NULL,
  `component_id` int(11) NOT NULL,
  PRIMARY KEY (`id`),
  KEY `exit_id` (`exit_id`),
  KEY `component_id` (`component_id`),
  CONSTRAINT `ExitPointComponents_ibfk_1` FOREIGN KEY (`exit_id`) REFERENCES `ExitPoints` (`id`) ON DELETE CASCADE,
  CONSTRAINT `ExitPointComponents_ibfk_2` FOREIGN KEY (`component_id`) REFERENCES `Components` (`id`) ON DELETE CASCADE
) ENGINE=InnoDB AUTO_INCREMENT=14 DEFAULT CHARSET=utf8mb4 COLLATE=utf8mb4_bin;
/*!40101 SET character_set_client = @saved_cs_client */;

--
-- Dumping data for table `ExitPointComponents`
--

LOCK TABLES `ExitPointComponents` WRITE;
/*!40000 ALTER TABLE `ExitPointComponents` DISABLE KEYS */;
INSERT INTO `ExitPointComponents` VALUES (1,1,10),(2,2,13),(3,3,8),(4,4,2),(5,5,4),(6,6,1),(7,7,8),(8,8,8),(9,9,8),(10,10,6),(11,11,1),(12,12,1),(13,13,1);
/*!40000 ALTER TABLE `ExitPointComponents` ENABLE KEYS */;
UNLOCK TABLES;

--
-- Table structure for table `ExitPoints`
--

DROP TABLE IF EXISTS `ExitPoints`;
/*!40101 SET @saved_cs_client     = @@character_set_client */;
/*!40101 SET character_set_client = utf8 */;
CREATE TABLE `ExitPoints` (
  `id` int(11) NOT NULL AUTO_INCREMENT,
  `class_id` int(11) NOT NULL,
  `method` varchar(512) COLLATE utf8mb4_bin NOT NULL,
  `instruction` mediumint(9) NOT NULL,
  `exit_kind` char(1) COLLATE utf8mb4_bin NOT NULL,
  `missing` int(11) DEFAULT NULL,
  PRIMARY KEY (`id`),
  KEY `class_id` (`class_id`),
  CONSTRAINT `ExitPoints_ibfk_1` FOREIGN KEY (`class_id`) REFERENCES `Classes` (`id`) ON DELETE CASCADE
) ENGINE=InnoDB AUTO_INCREMENT=14 DEFAULT CHARSET=utf8mb4 COLLATE=utf8mb4_bin;
/*!40101 SET character_set_client = @saved_cs_client */;

--
-- Dumping data for table `ExitPoints`
--

LOCK TABLES `ExitPoints` WRITE;
/*!40000 ALTER TABLE `ExitPoints` DISABLE KEYS */;
INSERT INTO `ExitPoints` VALUES (1,10,'<ad.notify.OperaUpdaterActivity: void onClick(android.view.View)>',66,'a',NULL),(2,13,'<ad.notify.RepeatingAlarmService: void onReceive(android.content.Context,android.content.Intent)>',8,'a',NULL),(3,28,'<ru.install.opera.e: java.lang.String a()>',158,'a',NULL),(4,29,'<ru.install.opera.i: void onClick(android.view.View)>',7,'a',NULL),(5,4,'<ru.install.opera.ConsoleActivitys: void onCreate(android.os.Bundle)>',106,'a',NULL),(6,30,'<ru.install.opera.a: void onClick(android.view.View)>',7,'a',NULL),(7,8,'<ru.install.opera.Alarm: void a(android.content.Context,java.lang.String,java.lang.String)>',8,'a',NULL),(8,28,'<ru.install.opera.e: java.lang.String a()>',107,'p',NULL),(9,28,'<ru.install.opera.e: java.lang.String a()>',86,'p',NULL),(10,6,'<ru.install.opera.BootReceiver: void onReceive(android.content.Context,android.content.Intent)>',5,'s',NULL),(11,1,'<ru.install.opera.InstallActive: void onCreate(android.os.Bundle)>',17,'a',NULL),(12,1,'<ru.install.opera.InstallActive: void onCreate(android.os.Bundle)>',6,'s',NULL),(13,31,'<ru.install.opera.b: void onClick(android.view.View)>',7,'a',NULL);
/*!40000 ALTER TABLE `ExitPoints` ENABLE KEYS */;
UNLOCK TABLES;

--
-- Table structure for table `Extras`
--

DROP TABLE IF EXISTS `Extras`;
/*!40101 SET @saved_cs_client     = @@character_set_client */;
/*!40101 SET character_set_client = utf8 */;
CREATE TABLE `Extras` (
  `id` int(11) NOT NULL AUTO_INCREMENT,
  `method` varchar(512) NOT NULL,
  `type` varchar(512) DEFAULT NULL,
  `extra` varchar(512) NOT NULL,
  `reserved` varchar(512) NOT NULL,
  PRIMARY KEY (`id`)
) ENGINE=InnoDB DEFAULT CHARSET=latin1;
/*!40101 SET character_set_client = @saved_cs_client */;

--
-- Dumping data for table `Extras`
--

LOCK TABLES `Extras` WRITE;
/*!40000 ALTER TABLE `Extras` DISABLE KEYS */;
/*!40000 ALTER TABLE `Extras` ENABLE KEYS */;
UNLOCK TABLES;

--
-- Table structure for table `IActions`
--

DROP TABLE IF EXISTS `IActions`;
/*!40101 SET @saved_cs_client     = @@character_set_client */;
/*!40101 SET character_set_client = utf8 */;
CREATE TABLE `IActions` (
  `id` int(11) NOT NULL AUTO_INCREMENT,
  `intent_id` int(11) NOT NULL,
  `action` int(11) NOT NULL,
  PRIMARY KEY (`id`),
  KEY `intent_id` (`intent_id`),
  KEY `action` (`action`),
  CONSTRAINT `IActions_ibfk_1` FOREIGN KEY (`intent_id`) REFERENCES `Intents` (`id`) ON DELETE CASCADE,
  CONSTRAINT `IActions_ibfk_2` FOREIGN KEY (`action`) REFERENCES `ActionStrings` (`id`)
) ENGINE=InnoDB AUTO_INCREMENT=4 DEFAULT CHARSET=utf8mb4 COLLATE=utf8mb4_bin;
/*!40101 SET character_set_client = @saved_cs_client */;

--
-- Dumping data for table `IActions`
--

LOCK TABLES `IActions` WRITE;
/*!40000 ALTER TABLE `IActions` DISABLE KEYS */;
INSERT INTO `IActions` VALUES (1,1,12),(2,3,12),(3,7,13);
/*!40000 ALTER TABLE `IActions` ENABLE KEYS */;
UNLOCK TABLES;

--
-- Table structure for table `ICategories`
--

DROP TABLE IF EXISTS `ICategories`;
/*!40101 SET @saved_cs_client     = @@character_set_client */;
/*!40101 SET character_set_client = utf8 */;
CREATE TABLE `ICategories` (
  `id` int(11) NOT NULL AUTO_INCREMENT,
  `intent_id` int(11) NOT NULL,
  `category` int(11) NOT NULL,
  PRIMARY KEY (`id`),
  KEY `intent_id` (`intent_id`),
  KEY `category` (`category`),
  CONSTRAINT `ICategories_ibfk_1` FOREIGN KEY (`intent_id`) REFERENCES `Intents` (`id`) ON DELETE CASCADE,
  CONSTRAINT `ICategories_ibfk_2` FOREIGN KEY (`category`) REFERENCES `CategoryStrings` (`id`)
) ENGINE=InnoDB DEFAULT CHARSET=utf8mb4 COLLATE=utf8mb4_bin;
/*!40101 SET character_set_client = @saved_cs_client */;

--
-- Dumping data for table `ICategories`
--

LOCK TABLES `ICategories` WRITE;
/*!40000 ALTER TABLE `ICategories` DISABLE KEYS */;
/*!40000 ALTER TABLE `ICategories` ENABLE KEYS */;
UNLOCK TABLES;

--
-- Table structure for table `IClasses`
--

DROP TABLE IF EXISTS `IClasses`;
/*!40101 SET @saved_cs_client     = @@character_set_client */;
/*!40101 SET character_set_client = utf8 */;
CREATE TABLE `IClasses` (
  `id` int(11) NOT NULL AUTO_INCREMENT,
  `intent_id` int(11) NOT NULL,
  `class` varchar(512) COLLATE utf8mb4_bin NOT NULL,
  PRIMARY KEY (`id`),
  KEY `intent_id` (`intent_id`),
  CONSTRAINT `IClasses_ibfk_1` FOREIGN KEY (`intent_id`) REFERENCES `Intents` (`id`) ON DELETE CASCADE
) ENGINE=InnoDB AUTO_INCREMENT=9 DEFAULT CHARSET=utf8mb4 COLLATE=utf8mb4_bin;
/*!40101 SET character_set_client = @saved_cs_client */;

--
-- Dumping data for table `IClasses`
--

LOCK TABLES `IClasses` WRITE;
/*!40000 ALTER TABLE `IClasses` DISABLE KEYS */;
INSERT INTO `IClasses` VALUES (1,2,'ad/notify/NotificationActivity'),(2,4,'ru/install/opera/ConsoleActivitys'),(3,5,'ru/install/opera/DownLoActivity'),(4,6,'ru/install/opera/RuleActivity'),(5,8,'ru/install/opera/SystemService'),(6,9,'ru/install/opera/DownLoActivity'),(7,10,'ru/install/opera/SystemService'),(8,11,'ru/install/opera/ConsoleActivitys');
/*!40000 ALTER TABLE `IClasses` ENABLE KEYS */;
UNLOCK TABLES;

--
-- Table structure for table `IData`
--

DROP TABLE IF EXISTS `IData`;
/*!40101 SET @saved_cs_client     = @@character_set_client */;
/*!40101 SET character_set_client = utf8 */;
CREATE TABLE `IData` (
  `id` int(11) NOT NULL AUTO_INCREMENT,
  `intent_id` int(11) NOT NULL,
  `data` int(11) NOT NULL,
  PRIMARY KEY (`id`),
  KEY `intent_id` (`intent_id`),
  KEY `data` (`data`),
  CONSTRAINT `IData_ibfk_1` FOREIGN KEY (`intent_id`) REFERENCES `Intents` (`id`) ON DELETE CASCADE,
  CONSTRAINT `IData_ibfk_2` FOREIGN KEY (`data`) REFERENCES `UriData` (`id`) ON DELETE CASCADE
) ENGINE=InnoDB AUTO_INCREMENT=4 DEFAULT CHARSET=utf8mb4 COLLATE=utf8mb4_bin;
/*!40101 SET character_set_client = @saved_cs_client */;

--
-- Dumping data for table `IData`
--

LOCK TABLES `IData` WRITE;
/*!40000 ALTER TABLE `IData` DISABLE KEYS */;
INSERT INTO `IData` VALUES (1,1,1),(2,3,2),(3,7,3);
/*!40000 ALTER TABLE `IData` ENABLE KEYS */;
UNLOCK TABLES;

--
-- Table structure for table `IExtras`
--

DROP TABLE IF EXISTS `IExtras`;
/*!40101 SET @saved_cs_client     = @@character_set_client */;
/*!40101 SET character_set_client = utf8 */;
CREATE TABLE `IExtras` (
  `id` int(11) NOT NULL AUTO_INCREMENT,
  `intent_id` int(11) NOT NULL,
  `extra` varchar(512) COLLATE utf8mb4_bin NOT NULL,
  PRIMARY KEY (`id`),
  KEY `intent_id` (`intent_id`),
  CONSTRAINT `IExtras_ibfk_1` FOREIGN KEY (`intent_id`) REFERENCES `Intents` (`id`) ON DELETE CASCADE
) ENGINE=InnoDB AUTO_INCREMENT=5 DEFAULT CHARSET=utf8mb4 COLLATE=utf8mb4_bin;
/*!40101 SET character_set_client = @saved_cs_client */;

--
-- Dumping data for table `IExtras`
--

LOCK TABLES `IExtras` WRITE;
/*!40000 ALTER TABLE `IExtras` DISABLE KEYS */;
INSERT INTO `IExtras` VALUES (1,5,'URL'),(2,7,'title'),(3,7,'url'),(4,9,'URL');
/*!40000 ALTER TABLE `IExtras` ENABLE KEYS */;
UNLOCK TABLES;

--
-- Table structure for table `IFActions`
--

DROP TABLE IF EXISTS `IFActions`;
/*!40101 SET @saved_cs_client     = @@character_set_client */;
/*!40101 SET character_set_client = utf8 */;
CREATE TABLE `IFActions` (
  `id` int(11) NOT NULL AUTO_INCREMENT,
  `filter_id` int(11) NOT NULL,
  `action` int(11) NOT NULL,
  PRIMARY KEY (`id`),
  KEY `filter_id` (`filter_id`),
  KEY `action_idx` (`action`) USING HASH,
  CONSTRAINT `IFActions_ibfk_1` FOREIGN KEY (`filter_id`) REFERENCES `IntentFilters` (`id`) ON DELETE CASCADE,
  CONSTRAINT `IFActions_ibfk_2` FOREIGN KEY (`action`) REFERENCES `ActionStrings` (`id`)
) ENGINE=InnoDB AUTO_INCREMENT=38 DEFAULT CHARSET=utf8mb4 COLLATE=utf8mb4_bin;
/*!40101 SET character_set_client = @saved_cs_client */;

--
-- Dumping data for table `IFActions`
--

LOCK TABLES `IFActions` WRITE;
/*!40000 ALTER TABLE `IFActions` DISABLE KEYS */;
INSERT INTO `IFActions` VALUES (1,1,1),(2,2,2),(3,2,3),(4,3,4),(5,4,1),(6,5,1),(7,7,6),(8,7,3),(9,7,5),(10,8,1),(11,9,1),(12,10,1),(13,11,1),(14,12,7),(15,12,1),(16,13,9),(17,13,1),(18,14,11),(19,15,4),(20,16,4),(21,17,3),(22,18,3),(23,19,14),(24,20,15),(25,21,16),(26,22,14),(27,23,16),(28,24,15),(29,25,14),(30,26,15),(31,27,16),(32,28,14),(33,29,15),(34,30,16),(35,31,14),(36,32,15),(37,33,16);
/*!40000 ALTER TABLE `IFActions` ENABLE KEYS */;
UNLOCK TABLES;

--
-- Table structure for table `IFCategories`
--

DROP TABLE IF EXISTS `IFCategories`;
/*!40101 SET @saved_cs_client     = @@character_set_client */;
/*!40101 SET character_set_client = utf8 */;
CREATE TABLE `IFCategories` (
  `id` int(11) NOT NULL AUTO_INCREMENT,
  `filter_id` int(11) NOT NULL,
  `category` int(11) NOT NULL,
  PRIMARY KEY (`id`),
  KEY `filter_id` (`filter_id`),
  KEY `category_idx` (`category`) USING HASH,
  CONSTRAINT `IFCategories_ibfk_1` FOREIGN KEY (`filter_id`) REFERENCES `IntentFilters` (`id`) ON DELETE CASCADE,
  CONSTRAINT `IFCategories_ibfk_2` FOREIGN KEY (`category`) REFERENCES `CategoryStrings` (`id`)
) ENGINE=InnoDB AUTO_INCREMENT=13 DEFAULT CHARSET=utf8mb4 COLLATE=utf8mb4_bin;
/*!40101 SET character_set_client = @saved_cs_client */;

--
-- Dumping data for table `IFCategories`
--

LOCK TABLES `IFCategories` WRITE;
/*!40000 ALTER TABLE `IFCategories` DISABLE KEYS */;
INSERT INTO `IFCategories` VALUES (1,1,1),(2,4,1),(3,5,1),(4,6,1),(5,8,1),(6,9,1),(7,11,1),(8,10,1),(9,12,1),(10,13,1),(11,17,2),(12,18,2);
/*!40000 ALTER TABLE `IFCategories` ENABLE KEYS */;
UNLOCK TABLES;

--
-- Table structure for table `IFData`
--

DROP TABLE IF EXISTS `IFData`;
/*!40101 SET @saved_cs_client     = @@character_set_client */;
/*!40101 SET character_set_client = utf8 */;
CREATE TABLE `IFData` (
  `id` int(11) NOT NULL AUTO_INCREMENT,
  `filter_id` int(11) DEFAULT NULL,
  `scheme` varchar(128) COLLATE utf8mb4_bin DEFAULT NULL,
  `host` varchar(128) COLLATE utf8mb4_bin DEFAULT NULL,
  `port` varchar(128) COLLATE utf8mb4_bin DEFAULT NULL,
  `path` varchar(128) COLLATE utf8mb4_bin DEFAULT NULL,
  `type` varchar(128) COLLATE utf8mb4_bin DEFAULT NULL,
  `subtype` varchar(128) COLLATE utf8mb4_bin DEFAULT NULL,
  PRIMARY KEY (`id`),
  KEY `filter_id` (`filter_id`),
  CONSTRAINT `IFData_ibfk_1` FOREIGN KEY (`filter_id`) REFERENCES `IntentFilters` (`id`) ON DELETE CASCADE
) ENGINE=InnoDB DEFAULT CHARSET=utf8mb4 COLLATE=utf8mb4_bin;
/*!40101 SET character_set_client = @saved_cs_client */;

--
-- Dumping data for table `IFData`
--

LOCK TABLES `IFData` WRITE;
/*!40000 ALTER TABLE `IFData` DISABLE KEYS */;
/*!40000 ALTER TABLE `IFData` ENABLE KEYS */;
UNLOCK TABLES;

--
-- Table structure for table `IFMimeTypes`
--

DROP TABLE IF EXISTS `IFMimeTypes`;
/*!40101 SET @saved_cs_client     = @@character_set_client */;
/*!40101 SET character_set_client = utf8 */;
CREATE TABLE `IFMimeTypes` (
  `id` int(11) NOT NULL AUTO_INCREMENT,
  `filter_id` int(11) NOT NULL,
  `type` varchar(512) NOT NULL,
  `subtype` varchar(512) NOT NULL,
  PRIMARY KEY (`id`),
  KEY `filter_id` (`filter_id`),
  KEY `type_idx` (`type`,`subtype`),
  CONSTRAINT `IFMimeTypes_ibfk_1` FOREIGN KEY (`filter_id`) REFERENCES `IntentFilters` (`id`) ON DELETE CASCADE
) ENGINE=InnoDB DEFAULT CHARSET=latin1;
/*!40101 SET character_set_client = @saved_cs_client */;

--
-- Dumping data for table `IFMimeTypes`
--

LOCK TABLES `IFMimeTypes` WRITE;
/*!40000 ALTER TABLE `IFMimeTypes` DISABLE KEYS */;
/*!40000 ALTER TABLE `IFMimeTypes` ENABLE KEYS */;
UNLOCK TABLES;

--
-- Table structure for table `IMimeTypes`
--

DROP TABLE IF EXISTS `IMimeTypes`;
/*!40101 SET @saved_cs_client     = @@character_set_client */;
/*!40101 SET character_set_client = utf8 */;
CREATE TABLE `IMimeTypes` (
  `id` int(11) NOT NULL AUTO_INCREMENT,
  `intent_id` int(11) NOT NULL,
  `type` varchar(191) COLLATE utf8mb4_bin NOT NULL,
  `subtype` varchar(191) COLLATE utf8mb4_bin NOT NULL,
  PRIMARY KEY (`id`),
  KEY `intent_id` (`intent_id`),
  KEY `type_idx` (`type`),
  KEY `subtype_idx` (`subtype`),
  CONSTRAINT `IMimeTypes_ibfk_1` FOREIGN KEY (`intent_id`) REFERENCES `Intents` (`id`) ON DELETE CASCADE
) ENGINE=InnoDB DEFAULT CHARSET=utf8mb4 COLLATE=utf8mb4_bin;
/*!40101 SET character_set_client = @saved_cs_client */;

--
-- Dumping data for table `IMimeTypes`
--

LOCK TABLES `IMimeTypes` WRITE;
/*!40000 ALTER TABLE `IMimeTypes` DISABLE KEYS */;
/*!40000 ALTER TABLE `IMimeTypes` ENABLE KEYS */;
UNLOCK TABLES;

--
-- Table structure for table `IPackages`
--

DROP TABLE IF EXISTS `IPackages`;
/*!40101 SET @saved_cs_client     = @@character_set_client */;
/*!40101 SET character_set_client = utf8 */;
CREATE TABLE `IPackages` (
  `id` int(11) NOT NULL AUTO_INCREMENT,
  `intent_id` int(11) NOT NULL,
  `package` varchar(512) COLLATE utf8mb4_bin NOT NULL,
  PRIMARY KEY (`id`),
  KEY `intent_id` (`intent_id`),
  CONSTRAINT `IPackages_ibfk_1` FOREIGN KEY (`intent_id`) REFERENCES `Intents` (`id`) ON DELETE CASCADE
) ENGINE=InnoDB AUTO_INCREMENT=9 DEFAULT CHARSET=utf8mb4 COLLATE=utf8mb4_bin;
/*!40101 SET character_set_client = @saved_cs_client */;

--
-- Dumping data for table `IPackages`
--

LOCK TABLES `IPackages` WRITE;
/*!40000 ALTER TABLE `IPackages` DISABLE KEYS */;
INSERT INTO `IPackages` VALUES (1,2,'ad.notify1'),(2,4,'ru.install.opera'),(3,5,'ru.install.opera'),(4,6,'ru.install.opera'),(5,8,'ru.install.opera'),(6,9,'ru.install.opera'),(7,10,'ru.install.opera'),(8,11,'ru.install.opera');
/*!40000 ALTER TABLE `IPackages` ENABLE KEYS */;
UNLOCK TABLES;

--
-- Table structure for table `IccStmts`
--

DROP TABLE IF EXISTS `IccStmts`;
/*!40101 SET @saved_cs_client     = @@character_set_client */;
/*!40101 SET character_set_client = utf8 */;
CREATE TABLE `IccStmts` (
  `id` int(11) NOT NULL AUTO_INCREMENT,
  `exit_id` int(11) NOT NULL,
  `stmt_id` int(11) NOT NULL,
  PRIMARY KEY (`id`)
) ENGINE=InnoDB DEFAULT CHARSET=latin1;
/*!40101 SET character_set_client = @saved_cs_client */;

--
-- Dumping data for table `IccStmts`
--

LOCK TABLES `IccStmts` WRITE;
/*!40000 ALTER TABLE `IccStmts` DISABLE KEYS */;
/*!40000 ALTER TABLE `IccStmts` ENABLE KEYS */;
UNLOCK TABLES;

--
-- Table structure for table `IntentFilters`
--

DROP TABLE IF EXISTS `IntentFilters`;
/*!40101 SET @saved_cs_client     = @@character_set_client */;
/*!40101 SET character_set_client = utf8 */;
CREATE TABLE `IntentFilters` (
  `id` int(11) NOT NULL AUTO_INCREMENT,
  `component_id` int(11) NOT NULL,
  `alias` tinyint(1) DEFAULT NULL,
  PRIMARY KEY (`id`),
  KEY `c_id_idx` (`component_id`) USING HASH,
  CONSTRAINT `IntentFilters_ibfk_1` FOREIGN KEY (`component_id`) REFERENCES `Components` (`id`) ON DELETE CASCADE
) ENGINE=InnoDB AUTO_INCREMENT=34 DEFAULT CHARSET=utf8mb4 COLLATE=utf8mb4_bin;
/*!40101 SET character_set_client = @saved_cs_client */;

--
-- Dumping data for table `IntentFilters`
--

LOCK TABLES `IntentFilters` WRITE;
/*!40000 ALTER TABLE `IntentFilters` DISABLE KEYS */;
INSERT INTO `IntentFilters` VALUES (1,1,0),(2,6,0),(3,7,0),(4,9,0),(5,10,0),(6,11,0),(7,14,0),(8,15,0),(9,16,0),(10,17,0),(11,18,0),(12,19,0),(13,22,0),(14,23,0),(15,24,0),(16,25,0),(17,27,0),(18,26,0),(19,28,0),(20,28,0),(21,28,0),(22,26,0),(23,26,0),(24,26,0),(25,29,0),(26,29,0),(27,29,0),(28,30,0),(29,30,0),(30,30,0),(31,24,0),(32,24,0),(33,24,0);
/*!40000 ALTER TABLE `IntentFilters` ENABLE KEYS */;
UNLOCK TABLES;

--
-- Table structure for table `IntentPermissions`
--

DROP TABLE IF EXISTS `IntentPermissions`;
/*!40101 SET @saved_cs_client     = @@character_set_client */;
/*!40101 SET character_set_client = utf8 */;
CREATE TABLE `IntentPermissions` (
  `id` int(11) NOT NULL AUTO_INCREMENT,
  `exit_id` int(11) NOT NULL,
  `i_permission` int(11) NOT NULL,
  PRIMARY KEY (`id`),
  KEY `exit_id` (`exit_id`),
  KEY `i_permission` (`i_permission`),
  CONSTRAINT `IntentPermissions_ibfk_1` FOREIGN KEY (`exit_id`) REFERENCES `ExitPoints` (`id`) ON DELETE CASCADE,
  CONSTRAINT `IntentPermissions_ibfk_2` FOREIGN KEY (`i_permission`) REFERENCES `PermissionStrings` (`id`)
) ENGINE=InnoDB DEFAULT CHARSET=utf8mb4 COLLATE=utf8mb4_bin;
/*!40101 SET character_set_client = @saved_cs_client */;

--
-- Dumping data for table `IntentPermissions`
--

LOCK TABLES `IntentPermissions` WRITE;
/*!40000 ALTER TABLE `IntentPermissions` DISABLE KEYS */;
/*!40000 ALTER TABLE `IntentPermissions` ENABLE KEYS */;
UNLOCK TABLES;

--
-- Table structure for table `Intents`
--

DROP TABLE IF EXISTS `Intents`;
/*!40101 SET @saved_cs_client     = @@character_set_client */;
/*!40101 SET character_set_client = utf8 */;
CREATE TABLE `Intents` (
  `id` int(11) NOT NULL AUTO_INCREMENT,
  `exit_id` int(11) NOT NULL,
  `implicit` tinyint(1) NOT NULL,
  `alias` tinyint(1) NOT NULL,
  PRIMARY KEY (`id`),
  KEY `exit_id` (`exit_id`),
  CONSTRAINT `Intents_ibfk_1` FOREIGN KEY (`exit_id`) REFERENCES `ExitPoints` (`id`) ON DELETE CASCADE
) ENGINE=InnoDB AUTO_INCREMENT=12 DEFAULT CHARSET=utf8mb4 COLLATE=utf8mb4_bin;
/*!40101 SET character_set_client = @saved_cs_client */;

--
-- Dumping data for table `Intents`
--

LOCK TABLES `Intents` WRITE;
/*!40000 ALTER TABLE `Intents` DISABLE KEYS */;
INSERT INTO `Intents` VALUES (1,1,1,0),(2,2,0,0),(3,3,1,0),(4,4,0,0),(5,5,0,0),(6,6,0,0),(7,7,1,0),(8,10,0,0),(9,11,0,0),(10,12,0,0),(11,13,0,0);
/*!40000 ALTER TABLE `Intents` ENABLE KEYS */;
UNLOCK TABLES;

--
-- Table structure for table `Links`
--

DROP TABLE IF EXISTS `Links`;
/*!40101 SET @saved_cs_client     = @@character_set_client */;
/*!40101 SET character_set_client = utf8 */;
CREATE TABLE `Links` (
  `id` int(11) NOT NULL AUTO_INCREMENT,
  `intent_id` int(11) NOT NULL,
  `component_id` int(11) NOT NULL,
  `type` int(11) DEFAULT '0',
  `reserved` varchar(512) COLLATE utf8mb4_bin DEFAULT NULL,
  PRIMARY KEY (`id`)
) ENGINE=InnoDB AUTO_INCREMENT=26 DEFAULT CHARSET=utf8mb4 COLLATE=utf8mb4_bin;
/*!40101 SET character_set_client = @saved_cs_client */;

--
-- Dumping data for table `Links`
--

LOCK TABLES `Links` WRITE;
/*!40000 ALTER TABLE `Links` DISABLE KEYS */;
INSERT INTO `Links` VALUES (1,1,15,2,NULL),(2,1,16,2,NULL),(3,1,19,2,NULL),(4,1,23,2,NULL),(5,1,25,2,NULL),(6,1,17,2,NULL),(7,1,27,2,NULL),(8,1,18,2,NULL),(9,1,22,2,NULL),(10,1,24,2,NULL),(11,1,26,2,NULL),(12,1,28,2,NULL),(13,1,29,2,NULL),(14,1,30,2,NULL),(15,9,3,2,NULL),(16,10,5,2,NULL),(17,1,1,2,NULL),(18,5,3,2,NULL),(19,8,5,2,NULL),(20,1,6,2,NULL),(21,1,7,2,NULL),(22,1,9,2,NULL),(23,1,11,2,NULL),(24,1,14,2,NULL),(25,2,11,2,NULL);
/*!40000 ALTER TABLE `Links` ENABLE KEYS */;
UNLOCK TABLES;

--
-- Table structure for table `PAuthorities`
--

DROP TABLE IF EXISTS `PAuthorities`;
/*!40101 SET @saved_cs_client     = @@character_set_client */;
/*!40101 SET character_set_client = utf8 */;
CREATE TABLE `PAuthorities` (
  `id` int(11) NOT NULL AUTO_INCREMENT,
  `provider_id` int(11) NOT NULL,
  `authority` varchar(512) COLLATE utf8mb4_bin NOT NULL,
  PRIMARY KEY (`id`),
  KEY `provider_id` (`provider_id`),
  CONSTRAINT `PAuthorities_ibfk_1` FOREIGN KEY (`provider_id`) REFERENCES `Providers` (`id`)
) ENGINE=InnoDB DEFAULT CHARSET=utf8mb4 COLLATE=utf8mb4_bin;
/*!40101 SET character_set_client = @saved_cs_client */;

--
-- Dumping data for table `PAuthorities`
--

LOCK TABLES `PAuthorities` WRITE;
/*!40000 ALTER TABLE `PAuthorities` DISABLE KEYS */;
/*!40000 ALTER TABLE `PAuthorities` ENABLE KEYS */;
UNLOCK TABLES;

--
-- Table structure for table `Paths`
--

DROP TABLE IF EXISTS `Paths`;
/*!40101 SET @saved_cs_client     = @@character_set_client */;
/*!40101 SET character_set_client = utf8 */;
CREATE TABLE `Paths` (
  `id` int(11) NOT NULL AUTO_INCREMENT,
  `app_id` int(11) NOT NULL,
  `source` int(11) NOT NULL,
  `sink` int(11) NOT NULL,
  `paths` text,
  `type` varchar(512) NOT NULL,
  `icc` int(11) NOT NULL,
  `reserved` varchar(512) NOT NULL,
  PRIMARY KEY (`id`)
) ENGINE=InnoDB DEFAULT CHARSET=latin1;
/*!40101 SET character_set_client = @saved_cs_client */;

--
-- Dumping data for table `Paths`
--

LOCK TABLES `Paths` WRITE;
/*!40000 ALTER TABLE `Paths` DISABLE KEYS */;
/*!40000 ALTER TABLE `Paths` ENABLE KEYS */;
UNLOCK TABLES;

--
-- Table structure for table `PermissionStrings`
--

DROP TABLE IF EXISTS `PermissionStrings`;
/*!40101 SET @saved_cs_client     = @@character_set_client */;
/*!40101 SET character_set_client = utf8 */;
CREATE TABLE `PermissionStrings` (
  `id` int(11) NOT NULL AUTO_INCREMENT,
  `st` varchar(191) COLLATE utf8mb4_bin NOT NULL,
  PRIMARY KEY (`id`),
  UNIQUE KEY `st` (`st`),
  KEY `st_idx` (`st`) USING HASH
) ENGINE=InnoDB AUTO_INCREMENT=28 DEFAULT CHARSET=utf8mb4 COLLATE=utf8mb4_bin;
/*!40101 SET character_set_client = @saved_cs_client */;

--
-- Dumping data for table `PermissionStrings`
--

LOCK TABLES `PermissionStrings` WRITE;
/*!40000 ALTER TABLE `PermissionStrings` DISABLE KEYS */;
INSERT INTO `PermissionStrings` VALUES (25,'android.permission.ACCESS_COARSE_LOCATION'),(26,'android.permission.ACCESS_COARSE_UPDATES'),(27,'android.permission.ACCESS_FINE_LOCATION'),(12,'android.permission.ACCESS_NETWORK_STATE'),(17,'android.permission.ACCESS_WIFI_STATE'),(3,'android.permission.CHANGE_COMPONENT_ENABLED_STATE'),(23,'android.permission.CHANGE_NETWORK_STATE'),(22,'android.permission.CHANGE_WIFI_STATE'),(14,'android.permission.DELETE_PACKAGES'),(13,'android.permission.INSTALL_PACKAGES'),(6,'android.permission.INTERNET'),(10,'android.permission.READ_CONTACTS'),(2,'android.permission.READ_EXTERNAL_STORAGE'),(1,'android.permission.READ_PHONE_STATE'),(4,'android.permission.READ_SMS'),(20,'android.permission.RECEIVE_BOOT_COMPLETED'),(9,'android.permission.RECEIVE_SMS'),(5,'android.permission.SEND_SMS'),(19,'android.permission.SYSTEM_ALERT_WINDOW'),(24,'android.permission.UPDATE_DEVICE_STATS'),(11,'android.permission.WAKE_LOCK'),(7,'android.permission.WRITE_EXTERNAL_STORAGE'),(18,'android.permission.WRITE_SECURE_SETTINGS'),(21,'android.permission.WRITE_SETTINGS'),(8,'android.permission.WRITE_SMS'),(16,'com.android.alarm.permission.SET_ALARM'),(15,'com.android.launcher.permission.INSTALL_SHORTCUT');
/*!40000 ALTER TABLE `PermissionStrings` ENABLE KEYS */;
UNLOCK TABLES;

--
-- Table structure for table `Permissions`
--

DROP TABLE IF EXISTS `Permissions`;
/*!40101 SET @saved_cs_client     = @@character_set_client */;
/*!40101 SET character_set_client = utf8 */;
CREATE TABLE `Permissions` (
  `id` int(11) NOT NULL,
  `level` char(1) COLLATE utf8mb4_bin NOT NULL,
  PRIMARY KEY (`id`,`level`),
  CONSTRAINT `Permissions_ibfk_1` FOREIGN KEY (`id`) REFERENCES `PermissionStrings` (`id`)
) ENGINE=InnoDB DEFAULT CHARSET=utf8mb4 COLLATE=utf8mb4_bin;
/*!40101 SET character_set_client = @saved_cs_client */;

--
-- Dumping data for table `Permissions`
--

LOCK TABLES `Permissions` WRITE;
/*!40000 ALTER TABLE `Permissions` DISABLE KEYS */;
/*!40000 ALTER TABLE `Permissions` ENABLE KEYS */;
UNLOCK TABLES;

--
-- Table structure for table `ProviderLinks`
--

DROP TABLE IF EXISTS `ProviderLinks`;
/*!40101 SET @saved_cs_client     = @@character_set_client */;
/*!40101 SET character_set_client = utf8 */;
CREATE TABLE `ProviderLinks` (
  `id` int(11) NOT NULL AUTO_INCREMENT,
  `src_component_id` int(11) NOT NULL,
  `dest_component_id` int(11) NOT NULL,
  `reserved` varchar(512) COLLATE utf8mb4_bin DEFAULT NULL,
  PRIMARY KEY (`id`)
) ENGINE=InnoDB DEFAULT CHARSET=utf8mb4 COLLATE=utf8mb4_bin;
/*!40101 SET character_set_client = @saved_cs_client */;

--
-- Dumping data for table `ProviderLinks`
--

LOCK TABLES `ProviderLinks` WRITE;
/*!40000 ALTER TABLE `ProviderLinks` DISABLE KEYS */;
/*!40000 ALTER TABLE `ProviderLinks` ENABLE KEYS */;
UNLOCK TABLES;

--
-- Table structure for table `Providers`
--

DROP TABLE IF EXISTS `Providers`;
/*!40101 SET @saved_cs_client     = @@character_set_client */;
/*!40101 SET character_set_client = utf8 */;
CREATE TABLE `Providers` (
  `id` int(11) NOT NULL AUTO_INCREMENT,
  `component_id` int(11) NOT NULL,
  `grant_uri_permissions` tinyint(1) NOT NULL,
  `read_permission` varchar(512) COLLATE utf8mb4_bin DEFAULT NULL,
  `write_permission` varchar(512) COLLATE utf8mb4_bin DEFAULT NULL,
  PRIMARY KEY (`id`),
  KEY `component_id` (`component_id`),
  CONSTRAINT `Providers_ibfk_1` FOREIGN KEY (`component_id`) REFERENCES `Components` (`id`)
) ENGINE=InnoDB DEFAULT CHARSET=utf8mb4 COLLATE=utf8mb4_bin;
/*!40101 SET character_set_client = @saved_cs_client */;

--
-- Dumping data for table `Providers`
--

LOCK TABLES `Providers` WRITE;
/*!40000 ALTER TABLE `Providers` DISABLE KEYS */;
/*!40000 ALTER TABLE `Providers` ENABLE KEYS */;
UNLOCK TABLES;

--
-- Table structure for table `Stmts`
--

DROP TABLE IF EXISTS `Stmts`;
/*!40101 SET @saved_cs_client     = @@character_set_client */;
/*!40101 SET character_set_client = utf8 */;
CREATE TABLE `Stmts` (
  `id` int(11) NOT NULL AUTO_INCREMENT,
  `stmt` varchar(512) NOT NULL,
  `method` varchar(512) NOT NULL,
  `class_id` int(11) NOT NULL,
  `jimpleIndex` int(11) NOT NULL,
  `isIcc` tinyint(1) NOT NULL,
  `type` varchar(512) NOT NULL,
  `reserved` varchar(512) NOT NULL,
  PRIMARY KEY (`id`)
) ENGINE=InnoDB DEFAULT CHARSET=latin1;
/*!40101 SET character_set_client = @saved_cs_client */;

--
-- Dumping data for table `Stmts`
--

LOCK TABLES `Stmts` WRITE;
/*!40000 ALTER TABLE `Stmts` DISABLE KEYS */;
/*!40000 ALTER TABLE `Stmts` ENABLE KEYS */;
UNLOCK TABLES;

--
-- Table structure for table `UriData`
--

DROP TABLE IF EXISTS `UriData`;
/*!40101 SET @saved_cs_client     = @@character_set_client */;
/*!40101 SET character_set_client = utf8 */;
CREATE TABLE `UriData` (
  `id` int(11) NOT NULL AUTO_INCREMENT,
  `scheme` varchar(128) COLLATE utf8mb4_bin DEFAULT NULL,
  `ssp` varchar(128) COLLATE utf8mb4_bin DEFAULT NULL,
  `uri` longtext COLLATE utf8mb4_bin,
  `path` varchar(128) COLLATE utf8mb4_bin DEFAULT NULL,
  `query` varchar(512) COLLATE utf8mb4_bin DEFAULT NULL,
  `authority` varchar(128) COLLATE utf8mb4_bin DEFAULT NULL,
  PRIMARY KEY (`id`)
) ENGINE=InnoDB AUTO_INCREMENT=6 DEFAULT CHARSET=utf8mb4 COLLATE=utf8mb4_bin;
/*!40101 SET character_set_client = @saved_cs_client */;

--
-- Dumping data for table `UriData`
--

LOCK TABLES `UriData` WRITE;
/*!40000 ALTER TABLE `UriData` DISABLE KEYS */;
INSERT INTO `UriData` VALUES (1,NULL,NULL,'NULL-CONSTANT',NULL,NULL,NULL),(2,NULL,NULL,'(.*)',NULL,NULL,NULL),(3,NULL,NULL,'content://browser/bookmarks',NULL,NULL,NULL),(4,NULL,NULL,'content://com.android.contacts/data/phones',NULL,NULL,NULL),(5,NULL,NULL,'content://com.android.contacts/contacts',NULL,NULL,NULL);
/*!40000 ALTER TABLE `UriData` ENABLE KEYS */;
UNLOCK TABLES;

--
-- Table structure for table `Uris`
--

DROP TABLE IF EXISTS `Uris`;
/*!40101 SET @saved_cs_client     = @@character_set_client */;
/*!40101 SET character_set_client = utf8 */;
CREATE TABLE `Uris` (
  `id` int(11) NOT NULL AUTO_INCREMENT,
  `exit_id` int(11) NOT NULL,
  `data` int(11) DEFAULT NULL,
  PRIMARY KEY (`id`),
  KEY `exit_id` (`exit_id`),
  KEY `data` (`data`),
  CONSTRAINT `Uris_ibfk_1` FOREIGN KEY (`exit_id`) REFERENCES `ExitPoints` (`id`) ON DELETE CASCADE,
  CONSTRAINT `Uris_ibfk_2` FOREIGN KEY (`data`) REFERENCES `UriData` (`id`) ON DELETE CASCADE
) ENGINE=InnoDB AUTO_INCREMENT=3 DEFAULT CHARSET=utf8mb4 COLLATE=utf8mb4_bin;
/*!40101 SET character_set_client = @saved_cs_client */;

--
-- Dumping data for table `Uris`
--

LOCK TABLES `Uris` WRITE;
/*!40000 ALTER TABLE `Uris` DISABLE KEYS */;
INSERT INTO `Uris` VALUES (1,8,4),(2,9,5);
/*!40000 ALTER TABLE `Uris` ENABLE KEYS */;
UNLOCK TABLES;

--
-- Table structure for table `UsesPermissions`
--

DROP TABLE IF EXISTS `UsesPermissions`;
/*!40101 SET @saved_cs_client     = @@character_set_client */;
/*!40101 SET character_set_client = utf8 */;
CREATE TABLE `UsesPermissions` (
  `id` int(11) NOT NULL AUTO_INCREMENT,
  `app_id` int(11) NOT NULL,
  `uses_permission` int(11) NOT NULL,
  PRIMARY KEY (`id`),
  KEY `app_id` (`app_id`),
  KEY `uses_permission_idx` (`uses_permission`) USING HASH,
  CONSTRAINT `UsesPermissions_ibfk_1` FOREIGN KEY (`app_id`) REFERENCES `Applications` (`id`) ON DELETE CASCADE,
  CONSTRAINT `UsesPermissions_ibfk_2` FOREIGN KEY (`uses_permission`) REFERENCES `PermissionStrings` (`id`)
) ENGINE=InnoDB AUTO_INCREMENT=66 DEFAULT CHARSET=utf8mb4 COLLATE=utf8mb4_bin;
/*!40101 SET character_set_client = @saved_cs_client */;

--
-- Dumping data for table `UsesPermissions`
--

LOCK TABLES `UsesPermissions` WRITE;
/*!40000 ALTER TABLE `UsesPermissions` DISABLE KEYS */;
INSERT INTO `UsesPermissions` VALUES (1,1,1),(2,1,2),(3,1,3),(4,1,4),(5,1,5),(6,1,6),(7,1,7),(8,1,8),(9,1,9),(10,1,10),(11,1,11),(12,2,1),(13,2,5),(14,2,6),(15,2,12),(16,3,1),(17,3,5),(18,3,6),(19,3,7),(20,3,12),(21,3,13),(22,3,14),(23,4,1),(24,4,4),(25,4,5),(26,4,6),(27,4,7),(28,4,9),(29,4,10),(30,4,11),(31,5,1),(32,4,12),(33,5,4),(34,4,15),(35,5,5),(36,4,17),(37,5,6),(38,4,16),(39,5,7),(40,4,19),(41,5,9),(42,4,18),(43,5,12),(44,4,21),(45,4,20),(46,5,13),(47,4,23),(48,4,23),(49,5,15),(50,4,22),(51,4,22),(52,5,16),(53,5,19),(54,4,24),(55,4,24),(56,5,18),(57,5,18),(58,5,21),(59,5,20),(60,5,25),(61,5,25),(62,5,27),(63,5,27),(64,5,26),(65,5,26);
/*!40000 ALTER TABLE `UsesPermissions` ENABLE KEYS */;
UNLOCK TABLES;
/*!40103 SET TIME_ZONE=@OLD_TIME_ZONE */;

/*!40101 SET SQL_MODE=@OLD_SQL_MODE */;
/*!40014 SET FOREIGN_KEY_CHECKS=@OLD_FOREIGN_KEY_CHECKS */;
/*!40014 SET UNIQUE_CHECKS=@OLD_UNIQUE_CHECKS */;
/*!40101 SET CHARACTER_SET_CLIENT=@OLD_CHARACTER_SET_CLIENT */;
/*!40101 SET CHARACTER_SET_RESULTS=@OLD_CHARACTER_SET_RESULTS */;
/*!40101 SET COLLATION_CONNECTION=@OLD_COLLATION_CONNECTION */;
/*!40111 SET SQL_NOTES=@OLD_SQL_NOTES */;

-- Dump completed on 2015-10-12  3:31:04
