-- MySQL dump 10.13  Distrib 5.5.44, for debian-linux-gnu (x86_64)
--
-- Host: localhost    Database: cc_220
-- ------------------------------------------------------
-- Server version	5.5.44-0ubuntu0.12.04.1

/*!40101 SET @OLD_CHARACTER_SET_CLIENT=@@CHARACTER_SET_CLIENT */;
/*!40101 SET @OLD_CHARACTER_SET_RESULTS=@@CHARACTER_SET_RESULTS */;
/*!40101 SET @OLD_COLLATION_CONNECTION=@@COLLATION_CONNECTION */;
/*!40101 SET NAMES utf8 */;
/*!40103 SET @OLD_TIME_ZONE=@@TIME_ZONE */;
/*!40103 SET TIME_ZONE='+00:00' */;
/*!40014 SET @OLD_UNIQUE_CHECKS=@@UNIQUE_CHECKS, UNIQUE_CHECKS=0 */;
/*!40014 SET @OLD_FOREIGN_KEY_CHECKS=@@FOREIGN_KEY_CHECKS, FOREIGN_KEY_CHECKS=0 */;
/*!40101 SET @OLD_SQL_MODE=@@SQL_MODE, SQL_MODE='NO_AUTO_VALUE_ON_ZERO' */;
/*!40111 SET @OLD_SQL_NOTES=@@SQL_NOTES, SQL_NOTES=0 */;

--
-- Table structure for table `ActionStrings`
--

DROP TABLE IF EXISTS `ActionStrings`;
/*!40101 SET @saved_cs_client     = @@character_set_client */;
/*!40101 SET character_set_client = utf8 */;
CREATE TABLE `ActionStrings` (
  `id` int(11) NOT NULL AUTO_INCREMENT,
  `st` varchar(191) COLLATE utf8mb4_bin NOT NULL,
  PRIMARY KEY (`id`),
  UNIQUE KEY `st` (`st`),
  KEY `st_idx` (`st`) USING HASH
) ENGINE=InnoDB AUTO_INCREMENT=15 DEFAULT CHARSET=utf8mb4 COLLATE=utf8mb4_bin;
/*!40101 SET character_set_client = @saved_cs_client */;

--
-- Dumping data for table `ActionStrings`
--

LOCK TABLES `ActionStrings` WRITE;
/*!40000 ALTER TABLE `ActionStrings` DISABLE KEYS */;
INSERT INTO `ActionStrings` VALUES (14,'INTENT_DONE'),(12,'SENDED'),(11,'SENDING_OK'),(9,'SMS_SENT'),(3,'android.intent.action.BOOT_COMPLETED'),(5,'android.intent.action.DATA_SMS_RECEIVED'),(1,'android.intent.action.MAIN'),(10,'android.intent.action.VIEW'),(7,'com.google.android.c2dm.intent.RECEIVE'),(13,'com.google.android.c2dm.intent.REGISTER'),(8,'com.google.android.c2dm.intent.REGISTRATION'),(4,'com.software.CHECKER'),(6,'com.software.app.CHECKER'),(2,'ru.mskdev.andrinst.NewsReaderService');
/*!40000 ALTER TABLE `ActionStrings` ENABLE KEYS */;
UNLOCK TABLES;

--
-- Table structure for table `Aliases`
--

DROP TABLE IF EXISTS `Aliases`;
/*!40101 SET @saved_cs_client     = @@character_set_client */;
/*!40101 SET character_set_client = utf8 */;
CREATE TABLE `Aliases` (
  `id` int(11) NOT NULL AUTO_INCREMENT,
  `component_id` int(11) NOT NULL,
  `target_id` int(11) NOT NULL,
  PRIMARY KEY (`id`),
  KEY `component_id` (`component_id`),
  KEY `target_id` (`target_id`),
  CONSTRAINT `Aliases_ibfk_1` FOREIGN KEY (`component_id`) REFERENCES `Components` (`id`),
  CONSTRAINT `Aliases_ibfk_2` FOREIGN KEY (`target_id`) REFERENCES `Components` (`id`)
) ENGINE=InnoDB DEFAULT CHARSET=utf8mb4 COLLATE=utf8mb4_bin;
/*!40101 SET character_set_client = @saved_cs_client */;

--
-- Dumping data for table `Aliases`
--

LOCK TABLES `Aliases` WRITE;
/*!40000 ALTER TABLE `Aliases` DISABLE KEYS */;
/*!40000 ALTER TABLE `Aliases` ENABLE KEYS */;
UNLOCK TABLES;

--
-- Table structure for table `Applications`
--

DROP TABLE IF EXISTS `Applications`;
/*!40101 SET @saved_cs_client     = @@character_set_client */;
/*!40101 SET character_set_client = utf8 */;
CREATE TABLE `Applications` (
  `id` int(11) NOT NULL AUTO_INCREMENT,
  `app` varchar(512) COLLATE utf8mb4_bin NOT NULL,
  `version` int(11) DEFAULT NULL,
  PRIMARY KEY (`id`)
) ENGINE=InnoDB AUTO_INCREMENT=5 DEFAULT CHARSET=utf8mb4 COLLATE=utf8mb4_bin;
/*!40101 SET character_set_client = @saved_cs_client */;

--
-- Dumping data for table `Applications`
--

LOCK TABLES `Applications` WRITE;
/*!40000 ALTER TABLE `Applications` DISABLE KEYS */;
INSERT INTO `Applications` VALUES (1,'com.depositmobi',1),(2,'ru.mskdev.andrinst',1),(3,'com.software.android.install',1),(4,'com.software.application',1);
/*!40000 ALTER TABLE `Applications` ENABLE KEYS */;
UNLOCK TABLES;

--
-- Table structure for table `CategoryStrings`
--

DROP TABLE IF EXISTS `CategoryStrings`;
/*!40101 SET @saved_cs_client     = @@character_set_client */;
/*!40101 SET character_set_client = utf8 */;
CREATE TABLE `CategoryStrings` (
  `id` int(11) NOT NULL AUTO_INCREMENT,
  `st` varchar(191) COLLATE utf8mb4_bin NOT NULL,
  PRIMARY KEY (`id`),
  UNIQUE KEY `st` (`st`),
  KEY `st_idx` (`st`) USING HASH
) ENGINE=InnoDB AUTO_INCREMENT=5 DEFAULT CHARSET=utf8mb4 COLLATE=utf8mb4_bin;
/*!40101 SET character_set_client = @saved_cs_client */;

--
-- Dumping data for table `CategoryStrings`
--

LOCK TABLES `CategoryStrings` WRITE;
/*!40000 ALTER TABLE `CategoryStrings` DISABLE KEYS */;
INSERT INTO `CategoryStrings` VALUES (2,'android.intent.category.HOME'),(1,'android.intent.category.LAUNCHER'),(4,'com.software.android.install'),(3,'com.software.application');
/*!40000 ALTER TABLE `CategoryStrings` ENABLE KEYS */;
UNLOCK TABLES;

--
-- Table structure for table `Classes`
--

DROP TABLE IF EXISTS `Classes`;
/*!40101 SET @saved_cs_client     = @@character_set_client */;
/*!40101 SET character_set_client = utf8 */;
CREATE TABLE `Classes` (
  `id` int(11) NOT NULL AUTO_INCREMENT,
  `app_id` int(11) NOT NULL,
  `class` varchar(191) COLLATE utf8mb4_bin NOT NULL,
  PRIMARY KEY (`id`),
  KEY `class_idx` (`class`) USING HASH,
  KEY `app_id_idx` (`app_id`) USING HASH,
  CONSTRAINT `Classes_ibfk_1` FOREIGN KEY (`app_id`) REFERENCES `Applications` (`id`) ON DELETE CASCADE
) ENGINE=InnoDB AUTO_INCREMENT=39 DEFAULT CHARSET=utf8mb4 COLLATE=utf8mb4_bin;
/*!40101 SET character_set_client = @saved_cs_client */;

--
-- Dumping data for table `Classes`
--

LOCK TABLES `Classes` WRITE;
/*!40000 ALTER TABLE `Classes` DISABLE KEYS */;
INSERT INTO `Classes` VALUES (1,1,'com.depositmobi.Main'),(2,1,'com.depositmobi.ReadOffertActivity'),(3,1,'com.depositmobi.ActivationDoneActivity'),(4,2,'ru.mskdev.andrinst.Begemotik'),(5,2,'ru.mskdev.andrinst.NewsReaderService'),(6,1,'com.depositmobi.GetMoreReadOffertActivity'),(7,1,'com.depositmobi.LounchActivationDoneActivity'),(8,2,'ru.mskdev.andrinst.StartAtBootServiceReceiver'),(9,4,'com.software.application.Main'),(10,3,'com.software.android.install.Main'),(11,4,'com.software.application.OffertActivity'),(12,3,'com.software.android.install.OffertActivity'),(13,4,'com.software.application.ShowLink'),(14,4,'com.software.application.C2DMReceiver'),(15,3,'com.software.android.install.ShowLink'),(16,4,'com.software.application.Notificator'),(17,3,'com.software.android.install.C2DMReceiver'),(18,3,'com.software.android.install.Notificator'),(19,4,'com.software.application.Checker'),(20,3,'com.software.android.install.Checker'),(21,4,'com.software.application.SmsReceiver'),(22,4,'com.google.android.c2dm.C2DMBroadcastReceiver'),(23,3,'com.software.android.install.SmsReceiver'),(24,3,'com.google.android.c2dm.C2DMBroadcastReceiver'),(25,1,'com.depositmobi.Main$1'),(26,4,'com.software.application.ShowLink$1'),(27,4,'com.software.application.Main$4'),(28,4,'com.software.application.Actor'),(29,3,'com.google.android.c2dm.C2DMBaseReceiver'),(30,4,'com.google.android.c2dm.C2DMBaseReceiver'),(31,4,'com.software.application.Actor$1'),(32,3,'com.software.android.install.Actor$1'),(33,4,'com.google.android.c2dm.C2DMessaging'),(34,3,'com.software.android.install.Main$5'),(35,3,'com.software.android.install.Actor'),(36,4,'com.software.application.Main$3'),(37,3,'com.google.android.c2dm.C2DMessaging'),(38,3,'com.software.android.install.ShowLink$1');
/*!40000 ALTER TABLE `Classes` ENABLE KEYS */;
UNLOCK TABLES;

--
-- Table structure for table `ComponentExtras`
--

DROP TABLE IF EXISTS `ComponentExtras`;
/*!40101 SET @saved_cs_client     = @@character_set_client */;
/*!40101 SET character_set_client = utf8 */;
CREATE TABLE `ComponentExtras` (
  `id` int(11) NOT NULL AUTO_INCREMENT,
  `component_id` int(11) NOT NULL,
  `extra` varchar(512) COLLATE utf8mb4_bin NOT NULL,
  PRIMARY KEY (`id`),
  KEY `component_id` (`component_id`),
  CONSTRAINT `ComponentExtras_ibfk_1` FOREIGN KEY (`component_id`) REFERENCES `Components` (`id`)
) ENGINE=InnoDB AUTO_INCREMENT=5 DEFAULT CHARSET=utf8mb4 COLLATE=utf8mb4_bin;
/*!40101 SET character_set_client = @saved_cs_client */;

--
-- Dumping data for table `ComponentExtras`
--

LOCK TABLES `ComponentExtras` WRITE;
/*!40000 ALTER TABLE `ComponentExtras` DISABLE KEYS */;
INSERT INTO `ComponentExtras` VALUES (1,3,'URL'),(2,7,'URL'),(3,13,'URL'),(4,15,'URL');
/*!40000 ALTER TABLE `ComponentExtras` ENABLE KEYS */;
UNLOCK TABLES;

--
-- Table structure for table `Components`
--

DROP TABLE IF EXISTS `Components`;
/*!40101 SET @saved_cs_client     = @@character_set_client */;
/*!40101 SET character_set_client = utf8 */;
CREATE TABLE `Components` (
  `id` int(11) NOT NULL AUTO_INCREMENT,
  `class_id` int(11) NOT NULL,
  `kind` char(1) COLLATE utf8mb4_bin NOT NULL,
  `exported` tinyint(1) NOT NULL,
  `permission` int(11) DEFAULT NULL,
  `missing` int(11) DEFAULT NULL,
  PRIMARY KEY (`id`),
  KEY `class_id` (`class_id`),
  KEY `permission` (`permission`),
  CONSTRAINT `Components_ibfk_1` FOREIGN KEY (`class_id`) REFERENCES `Classes` (`id`) ON DELETE CASCADE,
  CONSTRAINT `Components_ibfk_2` FOREIGN KEY (`permission`) REFERENCES `PermissionStrings` (`id`)
) ENGINE=InnoDB AUTO_INCREMENT=31 DEFAULT CHARSET=utf8mb4 COLLATE=utf8mb4_bin;
/*!40101 SET character_set_client = @saved_cs_client */;

--
-- Dumping data for table `Components`
--

LOCK TABLES `Components` WRITE;
/*!40000 ALTER TABLE `Components` DISABLE KEYS */;
INSERT INTO `Components` VALUES (1,1,'a',1,NULL,NULL),(2,2,'a',0,NULL,NULL),(3,3,'a',0,NULL,NULL),(4,4,'a',1,NULL,NULL),(5,5,'s',1,NULL,NULL),(6,6,'a',0,NULL,NULL),(7,7,'a',0,NULL,NULL),(8,8,'r',1,NULL,NULL),(9,9,'a',1,NULL,NULL),(10,10,'a',1,NULL,NULL),(11,11,'a',0,NULL,NULL),(12,12,'a',0,NULL,NULL),(13,13,'a',0,NULL,NULL),(14,14,'s',0,NULL,NULL),(15,15,'a',0,NULL,NULL),(16,16,'r',1,NULL,NULL),(17,17,'s',0,NULL,NULL),(18,18,'r',1,NULL,NULL),(19,19,'r',1,NULL,NULL),(20,21,'r',1,NULL,NULL),(21,20,'r',1,NULL,NULL),(22,23,'r',1,NULL,NULL),(23,22,'r',1,16,NULL),(24,24,'r',1,16,NULL),(25,25,'r',1,NULL,NULL),(26,27,'r',1,NULL,NULL),(27,31,'r',1,NULL,NULL),(28,32,'r',1,NULL,NULL),(29,34,'r',1,NULL,NULL),(30,36,'r',1,NULL,NULL);
/*!40000 ALTER TABLE `Components` ENABLE KEYS */;
UNLOCK TABLES;

--
-- Table structure for table `ExitPointComponents`
--

DROP TABLE IF EXISTS `ExitPointComponents`;
/*!40101 SET @saved_cs_client     = @@character_set_client */;
/*!40101 SET character_set_client = utf8 */;
CREATE TABLE `ExitPointComponents` (
  `id` int(11) NOT NULL AUTO_INCREMENT,
  `exit_id` int(11) NOT NULL,
  `component_id` int(11) NOT NULL,
  PRIMARY KEY (`id`),
  KEY `exit_id` (`exit_id`),
  KEY `component_id` (`component_id`),
  CONSTRAINT `ExitPointComponents_ibfk_1` FOREIGN KEY (`exit_id`) REFERENCES `ExitPoints` (`id`) ON DELETE CASCADE,
  CONSTRAINT `ExitPointComponents_ibfk_2` FOREIGN KEY (`component_id`) REFERENCES `Components` (`id`) ON DELETE CASCADE
) ENGINE=InnoDB AUTO_INCREMENT=32 DEFAULT CHARSET=utf8mb4 COLLATE=utf8mb4_bin;
/*!40101 SET character_set_client = @saved_cs_client */;

--
-- Dumping data for table `ExitPointComponents`
--

LOCK TABLES `ExitPointComponents` WRITE;
/*!40000 ALTER TABLE `ExitPointComponents` DISABLE KEYS */;
INSERT INTO `ExitPointComponents` VALUES (1,1,1),(2,2,1),(3,3,3),(4,4,1),(5,5,4),(6,6,7),(7,7,8),(8,8,4),(9,9,1),(10,10,13),(11,11,9),(12,12,9),(13,13,13),(14,14,9),(15,15,24),(16,16,23),(17,17,23),(18,18,9),(19,19,9),(20,20,10),(21,21,9),(22,22,13),(23,23,10),(24,24,9),(25,26,9),(26,25,10),(27,27,9),(28,28,9),(29,29,10),(30,30,9),(31,31,15);
/*!40000 ALTER TABLE `ExitPointComponents` ENABLE KEYS */;
UNLOCK TABLES;

--
-- Table structure for table `ExitPoints`
--

DROP TABLE IF EXISTS `ExitPoints`;
/*!40101 SET @saved_cs_client     = @@character_set_client */;
/*!40101 SET character_set_client = utf8 */;
CREATE TABLE `ExitPoints` (
  `id` int(11) NOT NULL AUTO_INCREMENT,
  `class_id` int(11) NOT NULL,
  `method` varchar(512) COLLATE utf8mb4_bin NOT NULL,
  `instruction` mediumint(9) NOT NULL,
  `exit_kind` char(1) COLLATE utf8mb4_bin NOT NULL,
  `missing` int(11) DEFAULT NULL,
  PRIMARY KEY (`id`),
  KEY `class_id` (`class_id`),
  CONSTRAINT `ExitPoints_ibfk_1` FOREIGN KEY (`class_id`) REFERENCES `Classes` (`id`) ON DELETE CASCADE
) ENGINE=InnoDB AUTO_INCREMENT=32 DEFAULT CHARSET=utf8mb4 COLLATE=utf8mb4_bin;
/*!40101 SET character_set_client = @saved_cs_client */;

--
-- Dumping data for table `ExitPoints`
--

LOCK TABLES `ExitPoints` WRITE;
/*!40000 ALTER TABLE `ExitPoints` DISABLE KEYS */;
INSERT INTO `ExitPoints` VALUES (1,1,'<com.depositmobi.Main: void onClick(android.view.View)>',7,'a',NULL),(2,1,'<com.depositmobi.Main: void showLink(boolean)>',10,'a',NULL),(3,3,'<com.depositmobi.ActivationDoneActivity: void onClick(android.view.View)>',8,'a',NULL),(4,1,'<com.depositmobi.Main: void onClick(android.view.View)>',7,'a',NULL),(5,4,'<ru.mskdev.andrinst.Begemotik: void startService()>',5,'s',NULL),(6,7,'<com.depositmobi.LounchActivationDoneActivity: void onClick(android.view.View)>',8,'a',NULL),(7,8,'<ru.mskdev.andrinst.StartAtBootServiceReceiver: void onReceive(android.content.Context,android.content.Intent)>',11,'s',NULL),(8,4,'<ru.mskdev.andrinst.Begemotik: void openWebURL(java.lang.String)>',5,'a',NULL),(9,1,'<com.depositmobi.Main: void showLink(boolean)>',10,'a',NULL),(10,26,'<com.software.application.ShowLink$1: void onClick(android.view.View)>',8,'a',NULL),(11,28,'<com.software.application.Actor: void report(int,android.app.PendingIntent)>',4,'r',NULL),(12,9,'<com.software.application.Main: void showRules()>',3,'a',NULL),(13,26,'<com.software.application.ShowLink$1: void onClick(android.view.View)>',8,'a',NULL),(14,9,'<com.software.application.Main: void showURL()>',6,'a',NULL),(15,29,'<com.google.android.c2dm.C2DMBaseReceiver: void runIntentInService(android.content.Context,android.content.Intent)>',17,'s',NULL),(16,30,'<com.google.android.c2dm.C2DMBaseReceiver: void runIntentInService(android.content.Context,android.content.Intent)>',17,'s',NULL),(17,30,'<com.google.android.c2dm.C2DMBaseReceiver: void runIntentInService(android.content.Context,android.content.Intent)>',17,'s',NULL),(18,33,'<com.google.android.c2dm.C2DMessaging: boolean register(android.content.Context,java.lang.String)>',10,'s',NULL),(19,28,'<com.software.application.Actor: void report(int,android.app.PendingIntent)>',4,'r',NULL),(20,35,'<com.software.android.install.Actor: void report(int,android.app.PendingIntent)>',4,'r',NULL),(21,9,'<com.software.application.Main: void showURL()>',6,'a',NULL),(22,26,'<com.software.application.ShowLink$1: void onClick(android.view.View)>',8,'a',NULL),(23,10,'<com.software.android.install.Main: void showRules()>',3,'a',NULL),(24,9,'<com.software.application.Main: void showRules()>',3,'a',NULL),(25,10,'<com.software.android.install.Main: void showURL()>',6,'a',NULL),(26,9,'<com.software.application.Main: void showRules()>',3,'a',NULL),(27,9,'<com.software.application.Main: void showURL()>',6,'a',NULL),(28,28,'<com.software.application.Actor: void report(int,android.app.PendingIntent)>',4,'r',NULL),(29,37,'<com.google.android.c2dm.C2DMessaging: boolean register(android.content.Context,java.lang.String)>',10,'s',NULL),(30,33,'<com.google.android.c2dm.C2DMessaging: boolean register(android.content.Context,java.lang.String)>',10,'s',NULL),(31,38,'<com.software.android.install.ShowLink$1: void onClick(android.view.View)>',8,'a',NULL);
/*!40000 ALTER TABLE `ExitPoints` ENABLE KEYS */;
UNLOCK TABLES;

--
-- Table structure for table `Extras`
--

DROP TABLE IF EXISTS `Extras`;
/*!40101 SET @saved_cs_client     = @@character_set_client */;
/*!40101 SET character_set_client = utf8 */;
CREATE TABLE `Extras` (
  `id` int(11) NOT NULL AUTO_INCREMENT,
  `method` varchar(512) NOT NULL,
  `type` varchar(512) DEFAULT NULL,
  `extra` varchar(512) NOT NULL,
  `reserved` varchar(512) NOT NULL,
  PRIMARY KEY (`id`)
) ENGINE=InnoDB DEFAULT CHARSET=latin1;
/*!40101 SET character_set_client = @saved_cs_client */;

--
-- Dumping data for table `Extras`
--

LOCK TABLES `Extras` WRITE;
/*!40000 ALTER TABLE `Extras` DISABLE KEYS */;
/*!40000 ALTER TABLE `Extras` ENABLE KEYS */;
UNLOCK TABLES;

--
-- Table structure for table `IActions`
--

DROP TABLE IF EXISTS `IActions`;
/*!40101 SET @saved_cs_client     = @@character_set_client */;
/*!40101 SET character_set_client = utf8 */;
CREATE TABLE `IActions` (
  `id` int(11) NOT NULL AUTO_INCREMENT,
  `intent_id` int(11) NOT NULL,
  `action` int(11) NOT NULL,
  PRIMARY KEY (`id`),
  KEY `intent_id` (`intent_id`),
  KEY `action` (`action`),
  CONSTRAINT `IActions_ibfk_1` FOREIGN KEY (`intent_id`) REFERENCES `Intents` (`id`) ON DELETE CASCADE,
  CONSTRAINT `IActions_ibfk_2` FOREIGN KEY (`action`) REFERENCES `ActionStrings` (`id`)
) ENGINE=InnoDB AUTO_INCREMENT=18 DEFAULT CHARSET=utf8mb4 COLLATE=utf8mb4_bin;
/*!40101 SET character_set_client = @saved_cs_client */;

--
-- Dumping data for table `IActions`
--

LOCK TABLES `IActions` WRITE;
/*!40000 ALTER TABLE `IActions` DISABLE KEYS */;
INSERT INTO `IActions` VALUES (1,3,10),(2,5,2),(3,6,10),(4,7,2),(5,8,10),(6,9,10),(7,11,10),(8,12,11),(9,14,10),(10,19,13),(11,20,14),(12,21,14),(13,23,10),(14,29,11),(15,30,13),(16,31,13),(17,32,10);
/*!40000 ALTER TABLE `IActions` ENABLE KEYS */;
UNLOCK TABLES;

--
-- Table structure for table `ICategories`
--

DROP TABLE IF EXISTS `ICategories`;
/*!40101 SET @saved_cs_client     = @@character_set_client */;
/*!40101 SET character_set_client = utf8 */;
CREATE TABLE `ICategories` (
  `id` int(11) NOT NULL AUTO_INCREMENT,
  `intent_id` int(11) NOT NULL,
  `category` int(11) NOT NULL,
  PRIMARY KEY (`id`),
  KEY `intent_id` (`intent_id`),
  KEY `category` (`category`),
  CONSTRAINT `ICategories_ibfk_1` FOREIGN KEY (`intent_id`) REFERENCES `Intents` (`id`) ON DELETE CASCADE,
  CONSTRAINT `ICategories_ibfk_2` FOREIGN KEY (`category`) REFERENCES `CategoryStrings` (`id`)
) ENGINE=InnoDB DEFAULT CHARSET=utf8mb4 COLLATE=utf8mb4_bin;
/*!40101 SET character_set_client = @saved_cs_client */;

--
-- Dumping data for table `ICategories`
--

LOCK TABLES `ICategories` WRITE;
/*!40000 ALTER TABLE `ICategories` DISABLE KEYS */;
/*!40000 ALTER TABLE `ICategories` ENABLE KEYS */;
UNLOCK TABLES;

--
-- Table structure for table `IClasses`
--

DROP TABLE IF EXISTS `IClasses`;
/*!40101 SET @saved_cs_client     = @@character_set_client */;
/*!40101 SET character_set_client = utf8 */;
CREATE TABLE `IClasses` (
  `id` int(11) NOT NULL AUTO_INCREMENT,
  `intent_id` int(11) NOT NULL,
  `class` varchar(512) COLLATE utf8mb4_bin NOT NULL,
  PRIMARY KEY (`id`),
  KEY `intent_id` (`intent_id`),
  CONSTRAINT `IClasses_ibfk_1` FOREIGN KEY (`intent_id`) REFERENCES `Intents` (`id`) ON DELETE CASCADE
) ENGINE=InnoDB AUTO_INCREMENT=16 DEFAULT CHARSET=utf8mb4 COLLATE=utf8mb4_bin;
/*!40101 SET character_set_client = @saved_cs_client */;

--
-- Dumping data for table `IClasses`
--

LOCK TABLES `IClasses` WRITE;
/*!40000 ALTER TABLE `IClasses` DISABLE KEYS */;
INSERT INTO `IClasses` VALUES (1,1,'com/depositmobi/ReadOffertActivity'),(2,2,'com/depositmobi/ActivationDoneActivity'),(3,4,'com/depositmobi/GetMoreReadOffertActivity'),(4,10,'com/depositmobi/LounchActivationDoneActivity'),(5,13,'com/software/application/OffertActivity'),(6,15,'com/software/application/ShowLink'),(7,16,'com.software.android.install.C2DMReceiver'),(8,17,'com.software.application.C2DMReceiver'),(9,18,'com.software.application.C2DMReceiver'),(10,22,'com/software/application/ShowLink'),(11,24,'com/software/android/install/OffertActivity'),(12,25,'com/software/application/OffertActivity'),(13,26,'com/software/application/OffertActivity'),(14,27,'com/software/android/install/ShowLink'),(15,28,'com/software/application/ShowLink');
/*!40000 ALTER TABLE `IClasses` ENABLE KEYS */;
UNLOCK TABLES;

--
-- Table structure for table `IData`
--

DROP TABLE IF EXISTS `IData`;
/*!40101 SET @saved_cs_client     = @@character_set_client */;
/*!40101 SET character_set_client = utf8 */;
CREATE TABLE `IData` (
  `id` int(11) NOT NULL AUTO_INCREMENT,
  `intent_id` int(11) NOT NULL,
  `data` int(11) NOT NULL,
  PRIMARY KEY (`id`),
  KEY `intent_id` (`intent_id`),
  KEY `data` (`data`),
  CONSTRAINT `IData_ibfk_1` FOREIGN KEY (`intent_id`) REFERENCES `Intents` (`id`) ON DELETE CASCADE,
  CONSTRAINT `IData_ibfk_2` FOREIGN KEY (`data`) REFERENCES `UriData` (`id`) ON DELETE CASCADE
) ENGINE=InnoDB AUTO_INCREMENT=9 DEFAULT CHARSET=utf8mb4 COLLATE=utf8mb4_bin;
/*!40101 SET character_set_client = @saved_cs_client */;

--
-- Dumping data for table `IData`
--

LOCK TABLES `IData` WRITE;
/*!40000 ALTER TABLE `IData` DISABLE KEYS */;
INSERT INTO `IData` VALUES (1,3,1),(2,6,2),(3,8,3),(4,9,4),(5,11,5),(6,14,6),(7,23,7),(8,32,8);
/*!40000 ALTER TABLE `IData` ENABLE KEYS */;
UNLOCK TABLES;

--
-- Table structure for table `IExtras`
--

DROP TABLE IF EXISTS `IExtras`;
/*!40101 SET @saved_cs_client     = @@character_set_client */;
/*!40101 SET character_set_client = utf8 */;
CREATE TABLE `IExtras` (
  `id` int(11) NOT NULL AUTO_INCREMENT,
  `intent_id` int(11) NOT NULL,
  `extra` varchar(512) COLLATE utf8mb4_bin NOT NULL,
  PRIMARY KEY (`id`),
  KEY `intent_id` (`intent_id`),
  CONSTRAINT `IExtras_ibfk_1` FOREIGN KEY (`intent_id`) REFERENCES `Intents` (`id`) ON DELETE CASCADE
) ENGINE=InnoDB AUTO_INCREMENT=13 DEFAULT CHARSET=utf8mb4 COLLATE=utf8mb4_bin;
/*!40101 SET character_set_client = @saved_cs_client */;

--
-- Dumping data for table `IExtras`
--

LOCK TABLES `IExtras` WRITE;
/*!40000 ALTER TABLE `IExtras` DISABLE KEYS */;
INSERT INTO `IExtras` VALUES (1,2,'URL'),(2,10,'URL'),(3,15,'URL'),(4,19,'sender'),(5,19,'app'),(6,22,'URL'),(7,27,'URL'),(8,28,'URL'),(9,30,'sender'),(10,30,'app'),(11,31,'sender'),(12,31,'app');
/*!40000 ALTER TABLE `IExtras` ENABLE KEYS */;
UNLOCK TABLES;

--
-- Table structure for table `IFActions`
--

DROP TABLE IF EXISTS `IFActions`;
/*!40101 SET @saved_cs_client     = @@character_set_client */;
/*!40101 SET character_set_client = utf8 */;
CREATE TABLE `IFActions` (
  `id` int(11) NOT NULL AUTO_INCREMENT,
  `filter_id` int(11) NOT NULL,
  `action` int(11) NOT NULL,
  PRIMARY KEY (`id`),
  KEY `filter_id` (`filter_id`),
  KEY `action_idx` (`action`) USING HASH,
  CONSTRAINT `IFActions_ibfk_1` FOREIGN KEY (`filter_id`) REFERENCES `IntentFilters` (`id`) ON DELETE CASCADE,
  CONSTRAINT `IFActions_ibfk_2` FOREIGN KEY (`action`) REFERENCES `ActionStrings` (`id`)
) ENGINE=InnoDB AUTO_INCREMENT=38 DEFAULT CHARSET=utf8mb4 COLLATE=utf8mb4_bin;
/*!40101 SET character_set_client = @saved_cs_client */;

--
-- Dumping data for table `IFActions`
--

LOCK TABLES `IFActions` WRITE;
/*!40000 ALTER TABLE `IFActions` DISABLE KEYS */;
INSERT INTO `IFActions` VALUES (1,1,1),(2,2,1),(3,3,1),(4,4,2),(5,5,3),(6,6,1),(7,7,1),(8,8,1),(9,9,3),(10,10,3),(11,11,1),(12,12,3),(13,13,4),(14,15,3),(15,14,4),(16,16,4),(17,17,5),(18,18,5),(19,19,6),(20,20,5),(21,21,5),(22,22,7),(23,23,7),(24,25,8),(25,24,8),(26,26,7),(27,27,8),(28,28,9),(29,29,9),(30,30,11),(31,31,12),(32,32,12),(33,34,12),(34,33,14),(35,35,11),(36,36,14),(37,37,12);
/*!40000 ALTER TABLE `IFActions` ENABLE KEYS */;
UNLOCK TABLES;

--
-- Table structure for table `IFCategories`
--

DROP TABLE IF EXISTS `IFCategories`;
/*!40101 SET @saved_cs_client     = @@character_set_client */;
/*!40101 SET character_set_client = utf8 */;
CREATE TABLE `IFCategories` (
  `id` int(11) NOT NULL AUTO_INCREMENT,
  `filter_id` int(11) NOT NULL,
  `category` int(11) NOT NULL,
  PRIMARY KEY (`id`),
  KEY `filter_id` (`filter_id`),
  KEY `category_idx` (`category`) USING HASH,
  CONSTRAINT `IFCategories_ibfk_1` FOREIGN KEY (`filter_id`) REFERENCES `IntentFilters` (`id`) ON DELETE CASCADE,
  CONSTRAINT `IFCategories_ibfk_2` FOREIGN KEY (`category`) REFERENCES `CategoryStrings` (`id`)
) ENGINE=InnoDB AUTO_INCREMENT=23 DEFAULT CHARSET=utf8mb4 COLLATE=utf8mb4_bin;
/*!40101 SET character_set_client = @saved_cs_client */;

--
-- Dumping data for table `IFCategories`
--

LOCK TABLES `IFCategories` WRITE;
/*!40000 ALTER TABLE `IFCategories` DISABLE KEYS */;
INSERT INTO `IFCategories` VALUES (1,1,1),(2,2,1),(3,3,1),(4,5,2),(5,6,1),(6,7,1),(7,8,1),(8,9,2),(9,10,2),(10,11,1),(11,12,2),(12,13,2),(13,14,2),(14,15,2),(15,16,2),(16,19,2),(17,22,3),(18,23,3),(19,25,3),(20,24,3),(21,26,4),(22,27,4);
/*!40000 ALTER TABLE `IFCategories` ENABLE KEYS */;
UNLOCK TABLES;

--
-- Table structure for table `IFData`
--

DROP TABLE IF EXISTS `IFData`;
/*!40101 SET @saved_cs_client     = @@character_set_client */;
/*!40101 SET character_set_client = utf8 */;
CREATE TABLE `IFData` (
  `id` int(11) NOT NULL AUTO_INCREMENT,
  `filter_id` int(11) DEFAULT NULL,
  `scheme` varchar(128) COLLATE utf8mb4_bin DEFAULT NULL,
  `host` varchar(128) COLLATE utf8mb4_bin DEFAULT NULL,
  `port` varchar(128) COLLATE utf8mb4_bin DEFAULT NULL,
  `path` varchar(128) COLLATE utf8mb4_bin DEFAULT NULL,
  `type` varchar(128) COLLATE utf8mb4_bin DEFAULT NULL,
  `subtype` varchar(128) COLLATE utf8mb4_bin DEFAULT NULL,
  PRIMARY KEY (`id`),
  KEY `filter_id` (`filter_id`),
  CONSTRAINT `IFData_ibfk_1` FOREIGN KEY (`filter_id`) REFERENCES `IntentFilters` (`id`) ON DELETE CASCADE
) ENGINE=InnoDB AUTO_INCREMENT=9 DEFAULT CHARSET=utf8mb4 COLLATE=utf8mb4_bin;
/*!40101 SET character_set_client = @saved_cs_client */;

--
-- Dumping data for table `IFData`
--

LOCK TABLES `IFData` WRITE;
/*!40000 ALTER TABLE `IFData` DISABLE KEYS */;
INSERT INTO `IFData` VALUES (1,17,'sms',NULL,NULL,NULL,NULL,NULL),(2,18,'sms',NULL,NULL,NULL,NULL,NULL),(3,17,NULL,NULL,'8901',NULL,NULL,NULL),(4,18,NULL,NULL,'8901',NULL,NULL,NULL),(5,20,'sms',NULL,NULL,NULL,NULL,NULL),(6,20,NULL,NULL,'8901',NULL,NULL,NULL),(7,21,'sms',NULL,NULL,NULL,NULL,NULL),(8,21,NULL,NULL,'8901',NULL,NULL,NULL);
/*!40000 ALTER TABLE `IFData` ENABLE KEYS */;
UNLOCK TABLES;

--
-- Table structure for table `IFMimeTypes`
--

DROP TABLE IF EXISTS `IFMimeTypes`;
/*!40101 SET @saved_cs_client     = @@character_set_client */;
/*!40101 SET character_set_client = utf8 */;
CREATE TABLE `IFMimeTypes` (
  `id` int(11) NOT NULL AUTO_INCREMENT,
  `filter_id` int(11) NOT NULL,
  `type` varchar(512) NOT NULL,
  `subtype` varchar(512) NOT NULL,
  PRIMARY KEY (`id`),
  KEY `filter_id` (`filter_id`),
  KEY `type_idx` (`type`,`subtype`),
  CONSTRAINT `IFMimeTypes_ibfk_1` FOREIGN KEY (`filter_id`) REFERENCES `IntentFilters` (`id`) ON DELETE CASCADE
) ENGINE=InnoDB DEFAULT CHARSET=latin1;
/*!40101 SET character_set_client = @saved_cs_client */;

--
-- Dumping data for table `IFMimeTypes`
--

LOCK TABLES `IFMimeTypes` WRITE;
/*!40000 ALTER TABLE `IFMimeTypes` DISABLE KEYS */;
/*!40000 ALTER TABLE `IFMimeTypes` ENABLE KEYS */;
UNLOCK TABLES;

--
-- Table structure for table `IMimeTypes`
--

DROP TABLE IF EXISTS `IMimeTypes`;
/*!40101 SET @saved_cs_client     = @@character_set_client */;
/*!40101 SET character_set_client = utf8 */;
CREATE TABLE `IMimeTypes` (
  `id` int(11) NOT NULL AUTO_INCREMENT,
  `intent_id` int(11) NOT NULL,
  `type` varchar(191) COLLATE utf8mb4_bin NOT NULL,
  `subtype` varchar(191) COLLATE utf8mb4_bin NOT NULL,
  PRIMARY KEY (`id`),
  KEY `intent_id` (`intent_id`),
  KEY `type_idx` (`type`),
  KEY `subtype_idx` (`subtype`),
  CONSTRAINT `IMimeTypes_ibfk_1` FOREIGN KEY (`intent_id`) REFERENCES `Intents` (`id`) ON DELETE CASCADE
) ENGINE=InnoDB DEFAULT CHARSET=utf8mb4 COLLATE=utf8mb4_bin;
/*!40101 SET character_set_client = @saved_cs_client */;

--
-- Dumping data for table `IMimeTypes`
--

LOCK TABLES `IMimeTypes` WRITE;
/*!40000 ALTER TABLE `IMimeTypes` DISABLE KEYS */;
/*!40000 ALTER TABLE `IMimeTypes` ENABLE KEYS */;
UNLOCK TABLES;

--
-- Table structure for table `IPackages`
--

DROP TABLE IF EXISTS `IPackages`;
/*!40101 SET @saved_cs_client     = @@character_set_client */;
/*!40101 SET character_set_client = utf8 */;
CREATE TABLE `IPackages` (
  `id` int(11) NOT NULL AUTO_INCREMENT,
  `intent_id` int(11) NOT NULL,
  `package` varchar(512) COLLATE utf8mb4_bin NOT NULL,
  PRIMARY KEY (`id`),
  KEY `intent_id` (`intent_id`),
  CONSTRAINT `IPackages_ibfk_1` FOREIGN KEY (`intent_id`) REFERENCES `Intents` (`id`) ON DELETE CASCADE
) ENGINE=InnoDB AUTO_INCREMENT=19 DEFAULT CHARSET=utf8mb4 COLLATE=utf8mb4_bin;
/*!40101 SET character_set_client = @saved_cs_client */;

--
-- Dumping data for table `IPackages`
--

LOCK TABLES `IPackages` WRITE;
/*!40000 ALTER TABLE `IPackages` DISABLE KEYS */;
INSERT INTO `IPackages` VALUES (1,1,'com.depositmobi'),(2,2,'com.depositmobi'),(3,4,'com.depositmobi'),(4,10,'com.depositmobi'),(5,13,'com.software.application'),(6,15,'com.software.application'),(7,16,'com.software.android.install'),(8,17,'com.software.application'),(9,18,'com.software.application'),(10,19,'com.google.android.gsf'),(11,22,'com.software.application'),(12,24,'com.software.android.install'),(13,25,'com.software.application'),(14,26,'com.software.application'),(15,27,'com.software.android.install'),(16,28,'com.software.application'),(17,30,'com.google.android.gsf'),(18,31,'com.google.android.gsf');
/*!40000 ALTER TABLE `IPackages` ENABLE KEYS */;
UNLOCK TABLES;

--
-- Table structure for table `IccStmts`
--

DROP TABLE IF EXISTS `IccStmts`;
/*!40101 SET @saved_cs_client     = @@character_set_client */;
/*!40101 SET character_set_client = utf8 */;
CREATE TABLE `IccStmts` (
  `id` int(11) NOT NULL AUTO_INCREMENT,
  `exit_id` int(11) NOT NULL,
  `stmt_id` int(11) NOT NULL,
  PRIMARY KEY (`id`)
) ENGINE=InnoDB DEFAULT CHARSET=latin1;
/*!40101 SET character_set_client = @saved_cs_client */;

--
-- Dumping data for table `IccStmts`
--

LOCK TABLES `IccStmts` WRITE;
/*!40000 ALTER TABLE `IccStmts` DISABLE KEYS */;
/*!40000 ALTER TABLE `IccStmts` ENABLE KEYS */;
UNLOCK TABLES;

--
-- Table structure for table `IntentFilters`
--

DROP TABLE IF EXISTS `IntentFilters`;
/*!40101 SET @saved_cs_client     = @@character_set_client */;
/*!40101 SET character_set_client = utf8 */;
CREATE TABLE `IntentFilters` (
  `id` int(11) NOT NULL AUTO_INCREMENT,
  `component_id` int(11) NOT NULL,
  `alias` tinyint(1) DEFAULT NULL,
  PRIMARY KEY (`id`),
  KEY `c_id_idx` (`component_id`) USING HASH,
  CONSTRAINT `IntentFilters_ibfk_1` FOREIGN KEY (`component_id`) REFERENCES `Components` (`id`) ON DELETE CASCADE
) ENGINE=InnoDB AUTO_INCREMENT=38 DEFAULT CHARSET=utf8mb4 COLLATE=utf8mb4_bin;
/*!40101 SET character_set_client = @saved_cs_client */;

--
-- Dumping data for table `IntentFilters`
--

LOCK TABLES `IntentFilters` WRITE;
/*!40000 ALTER TABLE `IntentFilters` DISABLE KEYS */;
INSERT INTO `IntentFilters` VALUES (1,1,0),(2,4,0),(3,1,0),(4,5,0),(5,8,0),(6,9,0),(7,10,0),(8,9,0),(9,16,0),(10,16,0),(11,9,0),(12,18,0),(13,19,0),(14,19,0),(15,16,0),(16,19,0),(17,20,0),(18,20,0),(19,21,0),(20,20,0),(21,22,0),(22,23,0),(23,23,0),(24,23,0),(25,23,0),(26,24,0),(27,24,0),(28,25,0),(29,25,0),(30,26,0),(31,27,0),(32,28,0),(33,29,0),(34,27,0),(35,26,0),(36,30,0),(37,27,0);
/*!40000 ALTER TABLE `IntentFilters` ENABLE KEYS */;
UNLOCK TABLES;

--
-- Table structure for table `IntentPermissions`
--

DROP TABLE IF EXISTS `IntentPermissions`;
/*!40101 SET @saved_cs_client     = @@character_set_client */;
/*!40101 SET character_set_client = utf8 */;
CREATE TABLE `IntentPermissions` (
  `id` int(11) NOT NULL AUTO_INCREMENT,
  `exit_id` int(11) NOT NULL,
  `i_permission` int(11) NOT NULL,
  PRIMARY KEY (`id`),
  KEY `exit_id` (`exit_id`),
  KEY `i_permission` (`i_permission`),
  CONSTRAINT `IntentPermissions_ibfk_1` FOREIGN KEY (`exit_id`) REFERENCES `ExitPoints` (`id`) ON DELETE CASCADE,
  CONSTRAINT `IntentPermissions_ibfk_2` FOREIGN KEY (`i_permission`) REFERENCES `PermissionStrings` (`id`)
) ENGINE=InnoDB DEFAULT CHARSET=utf8mb4 COLLATE=utf8mb4_bin;
/*!40101 SET character_set_client = @saved_cs_client */;

--
-- Dumping data for table `IntentPermissions`
--

LOCK TABLES `IntentPermissions` WRITE;
/*!40000 ALTER TABLE `IntentPermissions` DISABLE KEYS */;
/*!40000 ALTER TABLE `IntentPermissions` ENABLE KEYS */;
UNLOCK TABLES;

--
-- Table structure for table `Intents`
--

DROP TABLE IF EXISTS `Intents`;
/*!40101 SET @saved_cs_client     = @@character_set_client */;
/*!40101 SET character_set_client = utf8 */;
CREATE TABLE `Intents` (
  `id` int(11) NOT NULL AUTO_INCREMENT,
  `exit_id` int(11) NOT NULL,
  `implicit` tinyint(1) NOT NULL,
  `alias` tinyint(1) NOT NULL,
  PRIMARY KEY (`id`),
  KEY `exit_id` (`exit_id`),
  CONSTRAINT `Intents_ibfk_1` FOREIGN KEY (`exit_id`) REFERENCES `ExitPoints` (`id`) ON DELETE CASCADE
) ENGINE=InnoDB AUTO_INCREMENT=33 DEFAULT CHARSET=utf8mb4 COLLATE=utf8mb4_bin;
/*!40101 SET character_set_client = @saved_cs_client */;

--
-- Dumping data for table `Intents`
--

LOCK TABLES `Intents` WRITE;
/*!40000 ALTER TABLE `Intents` DISABLE KEYS */;
INSERT INTO `Intents` VALUES (1,1,0,0),(2,2,0,0),(3,3,1,0),(4,4,0,0),(5,5,1,0),(6,6,1,0),(7,7,1,0),(8,8,1,0),(9,8,1,0),(10,9,0,0),(11,10,1,0),(12,11,1,0),(13,12,0,0),(14,13,1,0),(15,14,0,0),(16,15,0,0),(17,16,0,0),(18,17,0,0),(19,18,1,0),(20,19,1,0),(21,20,1,0),(22,21,0,0),(23,22,1,0),(24,23,0,0),(25,24,0,0),(26,26,0,0),(27,25,0,0),(28,27,0,0),(29,28,1,0),(30,29,1,0),(31,30,1,0),(32,31,1,0);
/*!40000 ALTER TABLE `Intents` ENABLE KEYS */;
UNLOCK TABLES;

--
-- Table structure for table `Links`
--

DROP TABLE IF EXISTS `Links`;
/*!40101 SET @saved_cs_client     = @@character_set_client */;
/*!40101 SET character_set_client = utf8 */;
CREATE TABLE `Links` (
  `id` int(11) NOT NULL AUTO_INCREMENT,
  `intent_id` int(11) NOT NULL,
  `component_id` int(11) NOT NULL,
  `type` int(11) DEFAULT '0',
  `reserved` varchar(512) COLLATE utf8mb4_bin DEFAULT NULL,
  PRIMARY KEY (`id`)
) ENGINE=InnoDB DEFAULT CHARSET=utf8mb4 COLLATE=utf8mb4_bin;
/*!40101 SET character_set_client = @saved_cs_client */;

--
-- Dumping data for table `Links`
--

LOCK TABLES `Links` WRITE;
/*!40000 ALTER TABLE `Links` DISABLE KEYS */;
/*!40000 ALTER TABLE `Links` ENABLE KEYS */;
UNLOCK TABLES;

--
-- Table structure for table `PAuthorities`
--

DROP TABLE IF EXISTS `PAuthorities`;
/*!40101 SET @saved_cs_client     = @@character_set_client */;
/*!40101 SET character_set_client = utf8 */;
CREATE TABLE `PAuthorities` (
  `id` int(11) NOT NULL AUTO_INCREMENT,
  `provider_id` int(11) NOT NULL,
  `authority` varchar(512) COLLATE utf8mb4_bin NOT NULL,
  PRIMARY KEY (`id`),
  KEY `provider_id` (`provider_id`),
  CONSTRAINT `PAuthorities_ibfk_1` FOREIGN KEY (`provider_id`) REFERENCES `Providers` (`id`)
) ENGINE=InnoDB DEFAULT CHARSET=utf8mb4 COLLATE=utf8mb4_bin;
/*!40101 SET character_set_client = @saved_cs_client */;

--
-- Dumping data for table `PAuthorities`
--

LOCK TABLES `PAuthorities` WRITE;
/*!40000 ALTER TABLE `PAuthorities` DISABLE KEYS */;
/*!40000 ALTER TABLE `PAuthorities` ENABLE KEYS */;
UNLOCK TABLES;

--
-- Table structure for table `Paths`
--

DROP TABLE IF EXISTS `Paths`;
/*!40101 SET @saved_cs_client     = @@character_set_client */;
/*!40101 SET character_set_client = utf8 */;
CREATE TABLE `Paths` (
  `id` int(11) NOT NULL AUTO_INCREMENT,
  `app_id` int(11) NOT NULL,
  `source` int(11) NOT NULL,
  `sink` int(11) NOT NULL,
  `paths` text,
  `type` varchar(512) NOT NULL,
  `icc` int(11) NOT NULL,
  `reserved` varchar(512) NOT NULL,
  PRIMARY KEY (`id`)
) ENGINE=InnoDB DEFAULT CHARSET=latin1;
/*!40101 SET character_set_client = @saved_cs_client */;

--
-- Dumping data for table `Paths`
--

LOCK TABLES `Paths` WRITE;
/*!40000 ALTER TABLE `Paths` DISABLE KEYS */;
/*!40000 ALTER TABLE `Paths` ENABLE KEYS */;
UNLOCK TABLES;

--
-- Table structure for table `PermissionStrings`
--

DROP TABLE IF EXISTS `PermissionStrings`;
/*!40101 SET @saved_cs_client     = @@character_set_client */;
/*!40101 SET character_set_client = utf8 */;
CREATE TABLE `PermissionStrings` (
  `id` int(11) NOT NULL AUTO_INCREMENT,
  `st` varchar(191) COLLATE utf8mb4_bin NOT NULL,
  PRIMARY KEY (`id`),
  UNIQUE KEY `st` (`st`),
  KEY `st_idx` (`st`) USING HASH
) ENGINE=InnoDB AUTO_INCREMENT=17 DEFAULT CHARSET=utf8mb4 COLLATE=utf8mb4_bin;
/*!40101 SET character_set_client = @saved_cs_client */;

--
-- Dumping data for table `PermissionStrings`
--

LOCK TABLES `PermissionStrings` WRITE;
/*!40000 ALTER TABLE `PermissionStrings` DISABLE KEYS */;
INSERT INTO `PermissionStrings` VALUES (9,'android.permission.CALL_PHONE'),(6,'android.permission.CHANGE_CONFIGURATION'),(4,'android.permission.INTERNET'),(12,'android.permission.READ_CONTACTS'),(2,'android.permission.READ_PHONE_STATE'),(8,'android.permission.READ_SMS'),(3,'android.permission.RECEIVE_BOOT_COMPLETED'),(5,'android.permission.RECEIVE_SMS'),(7,'android.permission.RECEIVE_WAP_PUSH'),(1,'android.permission.SEND_SMS'),(13,'android.permission.WAKE_LOCK'),(11,'android.permission.WRITE_EXTERNAL_STORAGE'),(14,'com.google.android.c2dm.permission.RECEIVE'),(16,'com.google.android.c2dm.permission.SEND'),(10,'com.software.android.install.permission.C2D_MESSAGE'),(15,'com.software.application.permission.C2D_MESSAGE');
/*!40000 ALTER TABLE `PermissionStrings` ENABLE KEYS */;
UNLOCK TABLES;

--
-- Table structure for table `Permissions`
--

DROP TABLE IF EXISTS `Permissions`;
/*!40101 SET @saved_cs_client     = @@character_set_client */;
/*!40101 SET character_set_client = utf8 */;
CREATE TABLE `Permissions` (
  `id` int(11) NOT NULL,
  `level` char(1) COLLATE utf8mb4_bin NOT NULL,
  PRIMARY KEY (`id`,`level`),
  CONSTRAINT `Permissions_ibfk_1` FOREIGN KEY (`id`) REFERENCES `PermissionStrings` (`id`)
) ENGINE=InnoDB DEFAULT CHARSET=utf8mb4 COLLATE=utf8mb4_bin;
/*!40101 SET character_set_client = @saved_cs_client */;

--
-- Dumping data for table `Permissions`
--

LOCK TABLES `Permissions` WRITE;
/*!40000 ALTER TABLE `Permissions` DISABLE KEYS */;
INSERT INTO `Permissions` VALUES (10,'s'),(15,'s');
/*!40000 ALTER TABLE `Permissions` ENABLE KEYS */;
UNLOCK TABLES;

--
-- Table structure for table `ProviderLinks`
--

DROP TABLE IF EXISTS `ProviderLinks`;
/*!40101 SET @saved_cs_client     = @@character_set_client */;
/*!40101 SET character_set_client = utf8 */;
CREATE TABLE `ProviderLinks` (
  `id` int(11) NOT NULL AUTO_INCREMENT,
  `src_component_id` int(11) NOT NULL,
  `dest_component_id` int(11) NOT NULL,
  `reserved` varchar(512) COLLATE utf8mb4_bin DEFAULT NULL,
  PRIMARY KEY (`id`)
) ENGINE=InnoDB DEFAULT CHARSET=utf8mb4 COLLATE=utf8mb4_bin;
/*!40101 SET character_set_client = @saved_cs_client */;

--
-- Dumping data for table `ProviderLinks`
--

LOCK TABLES `ProviderLinks` WRITE;
/*!40000 ALTER TABLE `ProviderLinks` DISABLE KEYS */;
/*!40000 ALTER TABLE `ProviderLinks` ENABLE KEYS */;
UNLOCK TABLES;

--
-- Table structure for table `Providers`
--

DROP TABLE IF EXISTS `Providers`;
/*!40101 SET @saved_cs_client     = @@character_set_client */;
/*!40101 SET character_set_client = utf8 */;
CREATE TABLE `Providers` (
  `id` int(11) NOT NULL AUTO_INCREMENT,
  `component_id` int(11) NOT NULL,
  `grant_uri_permissions` tinyint(1) NOT NULL,
  `read_permission` varchar(512) COLLATE utf8mb4_bin DEFAULT NULL,
  `write_permission` varchar(512) COLLATE utf8mb4_bin DEFAULT NULL,
  PRIMARY KEY (`id`),
  KEY `component_id` (`component_id`),
  CONSTRAINT `Providers_ibfk_1` FOREIGN KEY (`component_id`) REFERENCES `Components` (`id`)
) ENGINE=InnoDB DEFAULT CHARSET=utf8mb4 COLLATE=utf8mb4_bin;
/*!40101 SET character_set_client = @saved_cs_client */;

--
-- Dumping data for table `Providers`
--

LOCK TABLES `Providers` WRITE;
/*!40000 ALTER TABLE `Providers` DISABLE KEYS */;
/*!40000 ALTER TABLE `Providers` ENABLE KEYS */;
UNLOCK TABLES;

--
-- Table structure for table `Stmts`
--

DROP TABLE IF EXISTS `Stmts`;
/*!40101 SET @saved_cs_client     = @@character_set_client */;
/*!40101 SET character_set_client = utf8 */;
CREATE TABLE `Stmts` (
  `id` int(11) NOT NULL AUTO_INCREMENT,
  `stmt` varchar(512) NOT NULL,
  `method` varchar(512) NOT NULL,
  `class_id` int(11) NOT NULL,
  `jimpleIndex` int(11) NOT NULL,
  `isIcc` tinyint(1) NOT NULL,
  `type` varchar(512) NOT NULL,
  `reserved` varchar(512) NOT NULL,
  PRIMARY KEY (`id`)
) ENGINE=InnoDB DEFAULT CHARSET=latin1;
/*!40101 SET character_set_client = @saved_cs_client */;

--
-- Dumping data for table `Stmts`
--

LOCK TABLES `Stmts` WRITE;
/*!40000 ALTER TABLE `Stmts` DISABLE KEYS */;
/*!40000 ALTER TABLE `Stmts` ENABLE KEYS */;
UNLOCK TABLES;

--
-- Table structure for table `UriData`
--

DROP TABLE IF EXISTS `UriData`;
/*!40101 SET @saved_cs_client     = @@character_set_client */;
/*!40101 SET character_set_client = utf8 */;
CREATE TABLE `UriData` (
  `id` int(11) NOT NULL AUTO_INCREMENT,
  `scheme` varchar(128) COLLATE utf8mb4_bin DEFAULT NULL,
  `ssp` varchar(128) COLLATE utf8mb4_bin DEFAULT NULL,
  `uri` longtext COLLATE utf8mb4_bin,
  `path` varchar(128) COLLATE utf8mb4_bin DEFAULT NULL,
  `query` varchar(512) COLLATE utf8mb4_bin DEFAULT NULL,
  `authority` varchar(128) COLLATE utf8mb4_bin DEFAULT NULL,
  PRIMARY KEY (`id`)
) ENGINE=InnoDB AUTO_INCREMENT=9 DEFAULT CHARSET=utf8mb4 COLLATE=utf8mb4_bin;
/*!40101 SET character_set_client = @saved_cs_client */;

--
-- Dumping data for table `UriData`
--

LOCK TABLES `UriData` WRITE;
/*!40000 ALTER TABLE `UriData` DISABLE KEYS */;
INSERT INTO `UriData` VALUES (1,NULL,NULL,'(.*)',NULL,NULL,NULL),(2,NULL,NULL,'(.*)',NULL,NULL,NULL),(3,NULL,NULL,'(.*)',NULL,NULL,NULL),(4,NULL,NULL,'NULL-CONSTANT',NULL,NULL,NULL),(5,NULL,NULL,'(.*)',NULL,NULL,NULL),(6,NULL,NULL,'(.*)',NULL,NULL,NULL),(7,NULL,NULL,'(.*)',NULL,NULL,NULL),(8,NULL,NULL,'(.*)',NULL,NULL,NULL);
/*!40000 ALTER TABLE `UriData` ENABLE KEYS */;
UNLOCK TABLES;

--
-- Table structure for table `Uris`
--

DROP TABLE IF EXISTS `Uris`;
/*!40101 SET @saved_cs_client     = @@character_set_client */;
/*!40101 SET character_set_client = utf8 */;
CREATE TABLE `Uris` (
  `id` int(11) NOT NULL AUTO_INCREMENT,
  `exit_id` int(11) NOT NULL,
  `data` int(11) DEFAULT NULL,
  PRIMARY KEY (`id`),
  KEY `exit_id` (`exit_id`),
  KEY `data` (`data`),
  CONSTRAINT `Uris_ibfk_1` FOREIGN KEY (`exit_id`) REFERENCES `ExitPoints` (`id`) ON DELETE CASCADE,
  CONSTRAINT `Uris_ibfk_2` FOREIGN KEY (`data`) REFERENCES `UriData` (`id`) ON DELETE CASCADE
) ENGINE=InnoDB DEFAULT CHARSET=utf8mb4 COLLATE=utf8mb4_bin;
/*!40101 SET character_set_client = @saved_cs_client */;

--
-- Dumping data for table `Uris`
--

LOCK TABLES `Uris` WRITE;
/*!40000 ALTER TABLE `Uris` DISABLE KEYS */;
/*!40000 ALTER TABLE `Uris` ENABLE KEYS */;
UNLOCK TABLES;

--
-- Table structure for table `UsesPermissions`
--

DROP TABLE IF EXISTS `UsesPermissions`;
/*!40101 SET @saved_cs_client     = @@character_set_client */;
/*!40101 SET character_set_client = utf8 */;
CREATE TABLE `UsesPermissions` (
  `id` int(11) NOT NULL AUTO_INCREMENT,
  `app_id` int(11) NOT NULL,
  `uses_permission` int(11) NOT NULL,
  PRIMARY KEY (`id`),
  KEY `app_id` (`app_id`),
  KEY `uses_permission_idx` (`uses_permission`) USING HASH,
  CONSTRAINT `UsesPermissions_ibfk_1` FOREIGN KEY (`app_id`) REFERENCES `Applications` (`id`) ON DELETE CASCADE,
  CONSTRAINT `UsesPermissions_ibfk_2` FOREIGN KEY (`uses_permission`) REFERENCES `PermissionStrings` (`id`)
) ENGINE=InnoDB AUTO_INCREMENT=31 DEFAULT CHARSET=utf8mb4 COLLATE=utf8mb4_bin;
/*!40101 SET character_set_client = @saved_cs_client */;

--
-- Dumping data for table `UsesPermissions`
--

LOCK TABLES `UsesPermissions` WRITE;
/*!40000 ALTER TABLE `UsesPermissions` DISABLE KEYS */;
INSERT INTO `UsesPermissions` VALUES (1,1,1),(2,2,1),(3,2,2),(4,2,3),(5,2,4),(6,2,5),(7,2,6),(8,1,4),(9,1,7),(10,1,8),(11,1,9),(12,3,1),(13,3,2),(14,3,4),(15,3,5),(16,3,8),(17,3,10),(18,4,1),(19,3,11),(20,4,2),(21,3,12),(22,4,4),(23,4,5),(24,3,13),(25,3,14),(26,4,8),(27,4,11),(28,4,13),(29,4,14),(30,4,15);
/*!40000 ALTER TABLE `UsesPermissions` ENABLE KEYS */;
UNLOCK TABLES;
/*!40103 SET TIME_ZONE=@OLD_TIME_ZONE */;

/*!40101 SET SQL_MODE=@OLD_SQL_MODE */;
/*!40014 SET FOREIGN_KEY_CHECKS=@OLD_FOREIGN_KEY_CHECKS */;
/*!40014 SET UNIQUE_CHECKS=@OLD_UNIQUE_CHECKS */;
/*!40101 SET CHARACTER_SET_CLIENT=@OLD_CHARACTER_SET_CLIENT */;
/*!40101 SET CHARACTER_SET_RESULTS=@OLD_CHARACTER_SET_RESULTS */;
/*!40101 SET COLLATION_CONNECTION=@OLD_COLLATION_CONNECTION */;
/*!40111 SET SQL_NOTES=@OLD_SQL_NOTES */;

-- Dump completed on 2015-10-09  0:38:39
