-- MySQL dump 10.13  Distrib 5.5.44, for debian-linux-gnu (x86_64)
--
-- Host: localhost    Database: cc_309
-- ------------------------------------------------------
-- Server version	5.5.44-0ubuntu0.12.04.1

/*!40101 SET @OLD_CHARACTER_SET_CLIENT=@@CHARACTER_SET_CLIENT */;
/*!40101 SET @OLD_CHARACTER_SET_RESULTS=@@CHARACTER_SET_RESULTS */;
/*!40101 SET @OLD_COLLATION_CONNECTION=@@COLLATION_CONNECTION */;
/*!40101 SET NAMES utf8 */;
/*!40103 SET @OLD_TIME_ZONE=@@TIME_ZONE */;
/*!40103 SET TIME_ZONE='+00:00' */;
/*!40014 SET @OLD_UNIQUE_CHECKS=@@UNIQUE_CHECKS, UNIQUE_CHECKS=0 */;
/*!40014 SET @OLD_FOREIGN_KEY_CHECKS=@@FOREIGN_KEY_CHECKS, FOREIGN_KEY_CHECKS=0 */;
/*!40101 SET @OLD_SQL_MODE=@@SQL_MODE, SQL_MODE='NO_AUTO_VALUE_ON_ZERO' */;
/*!40111 SET @OLD_SQL_NOTES=@@SQL_NOTES, SQL_NOTES=0 */;

--
-- Table structure for table `ActionStrings`
--

DROP TABLE IF EXISTS `ActionStrings`;
/*!40101 SET @saved_cs_client     = @@character_set_client */;
/*!40101 SET character_set_client = utf8 */;
CREATE TABLE `ActionStrings` (
  `id` int(11) NOT NULL AUTO_INCREMENT,
  `st` varchar(191) COLLATE utf8mb4_bin NOT NULL,
  PRIMARY KEY (`id`),
  UNIQUE KEY `st` (`st`),
  KEY `st_idx` (`st`) USING HASH
) ENGINE=InnoDB AUTO_INCREMENT=16 DEFAULT CHARSET=utf8mb4 COLLATE=utf8mb4_bin;
/*!40101 SET character_set_client = @saved_cs_client */;

--
-- Dumping data for table `ActionStrings`
--

LOCK TABLES `ActionStrings` WRITE;
/*!40000 ALTER TABLE `ActionStrings` DISABLE KEYS */;
INSERT INTO `ActionStrings` VALUES (11,'ACTIVATION_INTENT'),(14,'INTENT_DONE'),(13,'SENDED'),(12,'SENDING_OK'),(10,'SMS_SENT'),(5,'android.intent.action.BOOT_COMPLETED'),(3,'android.intent.action.DATA_SMS_RECEIVED'),(1,'android.intent.action.MAIN'),(4,'android.intent.action.PHONE_STATE'),(9,'android.intent.action.VIEW'),(2,'com.bratolubzet.stlstart.Bragushterra'),(7,'com.google.android.c2dm.intent.RECEIVE'),(15,'com.google.android.c2dm.intent.REGISTER'),(8,'com.google.android.c2dm.intent.REGISTRATION'),(6,'com.software.CHECKER');
/*!40000 ALTER TABLE `ActionStrings` ENABLE KEYS */;
UNLOCK TABLES;

--
-- Table structure for table `Aliases`
--

DROP TABLE IF EXISTS `Aliases`;
/*!40101 SET @saved_cs_client     = @@character_set_client */;
/*!40101 SET character_set_client = utf8 */;
CREATE TABLE `Aliases` (
  `id` int(11) NOT NULL AUTO_INCREMENT,
  `component_id` int(11) NOT NULL,
  `target_id` int(11) NOT NULL,
  PRIMARY KEY (`id`),
  KEY `component_id` (`component_id`),
  KEY `target_id` (`target_id`),
  CONSTRAINT `Aliases_ibfk_1` FOREIGN KEY (`component_id`) REFERENCES `Components` (`id`),
  CONSTRAINT `Aliases_ibfk_2` FOREIGN KEY (`target_id`) REFERENCES `Components` (`id`)
) ENGINE=InnoDB DEFAULT CHARSET=utf8mb4 COLLATE=utf8mb4_bin;
/*!40101 SET character_set_client = @saved_cs_client */;

--
-- Dumping data for table `Aliases`
--

LOCK TABLES `Aliases` WRITE;
/*!40000 ALTER TABLE `Aliases` DISABLE KEYS */;
/*!40000 ALTER TABLE `Aliases` ENABLE KEYS */;
UNLOCK TABLES;

--
-- Table structure for table `Applications`
--

DROP TABLE IF EXISTS `Applications`;
/*!40101 SET @saved_cs_client     = @@character_set_client */;
/*!40101 SET character_set_client = utf8 */;
CREATE TABLE `Applications` (
  `id` int(11) NOT NULL AUTO_INCREMENT,
  `app` varchar(512) COLLATE utf8mb4_bin NOT NULL,
  `version` int(11) DEFAULT NULL,
  PRIMARY KEY (`id`)
) ENGINE=InnoDB AUTO_INCREMENT=7 DEFAULT CHARSET=utf8mb4 COLLATE=utf8mb4_bin;
/*!40101 SET character_set_client = @saved_cs_client */;

--
-- Dumping data for table `Applications`
--

LOCK TABLES `Applications` WRITE;
/*!40000 ALTER TABLE `Applications` DISABLE KEYS */;
INSERT INTO `Applications` VALUES (1,'com.bratolubzet.stlstart',1),(2,'com.depositmobi',1),(3,'com.soft.android.appinstaller',1),(4,'net.mbtest',1),(5,'com.software.install',1),(6,'com.software.application',1);
/*!40000 ALTER TABLE `Applications` ENABLE KEYS */;
UNLOCK TABLES;

--
-- Table structure for table `CategoryStrings`
--

DROP TABLE IF EXISTS `CategoryStrings`;
/*!40101 SET @saved_cs_client     = @@character_set_client */;
/*!40101 SET character_set_client = utf8 */;
CREATE TABLE `CategoryStrings` (
  `id` int(11) NOT NULL AUTO_INCREMENT,
  `st` varchar(191) COLLATE utf8mb4_bin NOT NULL,
  PRIMARY KEY (`id`),
  UNIQUE KEY `st` (`st`),
  KEY `st_idx` (`st`) USING HASH
) ENGINE=InnoDB AUTO_INCREMENT=4 DEFAULT CHARSET=utf8mb4 COLLATE=utf8mb4_bin;
/*!40101 SET character_set_client = @saved_cs_client */;

--
-- Dumping data for table `CategoryStrings`
--

LOCK TABLES `CategoryStrings` WRITE;
/*!40000 ALTER TABLE `CategoryStrings` DISABLE KEYS */;
INSERT INTO `CategoryStrings` VALUES (2,'android.intent.category.HOME'),(1,'android.intent.category.LAUNCHER'),(3,'com.software.application');
/*!40000 ALTER TABLE `CategoryStrings` ENABLE KEYS */;
UNLOCK TABLES;

--
-- Table structure for table `Classes`
--

DROP TABLE IF EXISTS `Classes`;
/*!40101 SET @saved_cs_client     = @@character_set_client */;
/*!40101 SET character_set_client = utf8 */;
CREATE TABLE `Classes` (
  `id` int(11) NOT NULL AUTO_INCREMENT,
  `app_id` int(11) NOT NULL,
  `class` varchar(191) COLLATE utf8mb4_bin NOT NULL,
  PRIMARY KEY (`id`),
  KEY `class_idx` (`class`) USING HASH,
  KEY `app_id_idx` (`app_id`) USING HASH,
  CONSTRAINT `Classes_ibfk_1` FOREIGN KEY (`app_id`) REFERENCES `Applications` (`id`) ON DELETE CASCADE
) ENGINE=InnoDB AUTO_INCREMENT=45 DEFAULT CHARSET=utf8mb4 COLLATE=utf8mb4_bin;
/*!40101 SET character_set_client = @saved_cs_client */;

--
-- Dumping data for table `Classes`
--

LOCK TABLES `Classes` WRITE;
/*!40000 ALTER TABLE `Classes` DISABLE KEYS */;
INSERT INTO `Classes` VALUES (1,3,'com.soft.android.appinstaller.FirstActivity'),(2,1,'com.bratolubzet.stlstart.Vertikalno'),(3,2,'com.depositmobi.Main'),(4,3,'com.soft.android.appinstaller.RulesActivity'),(5,2,'com.depositmobi.ReadOffertActivity'),(6,1,'com.bratolubzet.stlstart.Bragushterra'),(7,3,'com.soft.android.appinstaller.FinishActivity'),(8,2,'com.depositmobi.ActivationDoneActivity'),(9,5,'com.software.install.Main'),(10,3,'com.soft.android.appinstaller.QuestionActivity'),(11,4,'net.mbtest.Main'),(12,3,'com.soft.android.appinstaller.MemberActivity'),(13,3,'com.soft.android.appinstaller.services.SMSSenderService'),(14,3,'com.soft.android.appinstaller.sms.BinarySMSReceiver'),(15,1,'com.bratolubzet.stlstart.Bratisko'),(16,5,'com.software.install.AgreementActivity'),(17,4,'net.mbtest.AgreementActivity'),(18,5,'com.software.install.GrantAccess'),(19,4,'net.mbtest.GrantAccessToContentActivity'),(20,1,'com.saticom.bratolubzet.stlstart.Bugogashenki'),(21,5,'com.software.install.PushHandler'),(22,5,'com.software.install.Notifier'),(23,6,'com.software.application.Main'),(24,6,'com.software.application.OffertActivity'),(25,6,'com.software.application.ShowLink'),(26,6,'com.software.application.C2DMReceiver'),(27,6,'com.software.application.Notificator'),(28,6,'com.software.application.Checker'),(29,6,'com.software.application.SmsReceiver'),(30,6,'com.google.android.c2dm.C2DMBroadcastReceiver'),(31,2,'com.depositmobi.Main$1'),(32,3,'com.soft.android.appinstaller.MemberActivity$1'),(33,4,'net.mbtest.Main$1'),(34,3,'com.soft.android.appinstaller.FlowController'),(35,4,'net.mbtest.Activator$1'),(36,6,'com.software.application.Main$4'),(37,6,'com.software.application.Actor'),(38,6,'com.software.application.ShowLink$1'),(39,6,'com.software.application.Actor$1'),(40,5,'com.software.install.GrantAccess$1'),(41,6,'com.google.android.c2dm.C2DMBaseReceiver'),(42,6,'com.google.android.c2dm.C2DMessaging'),(43,5,'com.software.install.Main$2'),(44,5,'com.software.install.Activater$1');
/*!40000 ALTER TABLE `Classes` ENABLE KEYS */;
UNLOCK TABLES;

--
-- Table structure for table `ComponentExtras`
--

DROP TABLE IF EXISTS `ComponentExtras`;
/*!40101 SET @saved_cs_client     = @@character_set_client */;
/*!40101 SET character_set_client = utf8 */;
CREATE TABLE `ComponentExtras` (
  `id` int(11) NOT NULL AUTO_INCREMENT,
  `component_id` int(11) NOT NULL,
  `extra` varchar(512) COLLATE utf8mb4_bin NOT NULL,
  PRIMARY KEY (`id`),
  KEY `component_id` (`component_id`),
  CONSTRAINT `ComponentExtras_ibfk_1` FOREIGN KEY (`component_id`) REFERENCES `Components` (`id`)
) ENGINE=InnoDB AUTO_INCREMENT=8 DEFAULT CHARSET=utf8mb4 COLLATE=utf8mb4_bin;
/*!40101 SET character_set_client = @saved_cs_client */;

--
-- Dumping data for table `ComponentExtras`
--

LOCK TABLES `ComponentExtras` WRITE;
/*!40000 ALTER TABLE `ComponentExtras` DISABLE KEYS */;
INSERT INTO `ComponentExtras` VALUES (1,6,'update'),(2,14,'pdus'),(3,19,'URL'),(4,9,'URL'),(5,25,'URL'),(6,21,'URL'),(7,18,'URL');
/*!40000 ALTER TABLE `ComponentExtras` ENABLE KEYS */;
UNLOCK TABLES;

--
-- Table structure for table `Components`
--

DROP TABLE IF EXISTS `Components`;
/*!40101 SET @saved_cs_client     = @@character_set_client */;
/*!40101 SET character_set_client = utf8 */;
CREATE TABLE `Components` (
  `id` int(11) NOT NULL AUTO_INCREMENT,
  `class_id` int(11) NOT NULL,
  `kind` char(1) COLLATE utf8mb4_bin NOT NULL,
  `exported` tinyint(1) NOT NULL,
  `permission` int(11) DEFAULT NULL,
  `missing` int(11) DEFAULT NULL,
  PRIMARY KEY (`id`),
  KEY `class_id` (`class_id`),
  KEY `permission` (`permission`),
  CONSTRAINT `Components_ibfk_1` FOREIGN KEY (`class_id`) REFERENCES `Classes` (`id`) ON DELETE CASCADE,
  CONSTRAINT `Components_ibfk_2` FOREIGN KEY (`permission`) REFERENCES `PermissionStrings` (`id`)
) ENGINE=InnoDB AUTO_INCREMENT=38 DEFAULT CHARSET=utf8mb4 COLLATE=utf8mb4_bin;
/*!40101 SET character_set_client = @saved_cs_client */;

--
-- Dumping data for table `Components`
--

LOCK TABLES `Components` WRITE;
/*!40000 ALTER TABLE `Components` DISABLE KEYS */;
INSERT INTO `Components` VALUES (1,1,'a',1,NULL,NULL),(2,2,'a',1,NULL,NULL),(3,3,'a',1,NULL,NULL),(4,4,'a',0,NULL,NULL),(5,5,'a',0,NULL,NULL),(6,6,'s',1,NULL,NULL),(7,7,'a',0,NULL,NULL),(8,10,'a',0,NULL,NULL),(9,8,'a',0,NULL,NULL),(10,9,'a',1,NULL,NULL),(11,12,'a',0,NULL,NULL),(12,11,'a',1,NULL,NULL),(13,13,'s',0,NULL,NULL),(14,14,'r',1,NULL,NULL),(15,15,'r',1,NULL,NULL),(16,16,'a',0,NULL,NULL),(17,17,'a',0,NULL,NULL),(18,18,'a',0,NULL,NULL),(19,19,'a',0,NULL,NULL),(20,20,'r',0,NULL,NULL),(21,21,'a',0,NULL,NULL),(22,22,'r',1,NULL,NULL),(23,23,'a',1,NULL,NULL),(24,24,'a',0,NULL,NULL),(25,25,'a',0,NULL,NULL),(26,26,'s',0,NULL,NULL),(27,27,'r',1,NULL,NULL),(28,28,'r',1,NULL,NULL),(29,29,'r',1,NULL,NULL),(30,30,'r',1,19,NULL),(31,31,'r',1,NULL,NULL),(32,33,'r',1,NULL,NULL),(33,35,'r',1,NULL,NULL),(34,36,'r',1,NULL,NULL),(35,39,'r',1,NULL,NULL),(36,43,'r',1,NULL,NULL),(37,44,'r',1,NULL,NULL);
/*!40000 ALTER TABLE `Components` ENABLE KEYS */;
UNLOCK TABLES;

--
-- Table structure for table `ExitPointComponents`
--

DROP TABLE IF EXISTS `ExitPointComponents`;
/*!40101 SET @saved_cs_client     = @@character_set_client */;
/*!40101 SET character_set_client = utf8 */;
CREATE TABLE `ExitPointComponents` (
  `id` int(11) NOT NULL AUTO_INCREMENT,
  `exit_id` int(11) NOT NULL,
  `component_id` int(11) NOT NULL,
  PRIMARY KEY (`id`),
  KEY `exit_id` (`exit_id`),
  KEY `component_id` (`component_id`),
  CONSTRAINT `ExitPointComponents_ibfk_1` FOREIGN KEY (`exit_id`) REFERENCES `ExitPoints` (`id`) ON DELETE CASCADE,
  CONSTRAINT `ExitPointComponents_ibfk_2` FOREIGN KEY (`component_id`) REFERENCES `Components` (`id`) ON DELETE CASCADE
) ENGINE=InnoDB AUTO_INCREMENT=29 DEFAULT CHARSET=utf8mb4 COLLATE=utf8mb4_bin;
/*!40101 SET character_set_client = @saved_cs_client */;

--
-- Dumping data for table `ExitPointComponents`
--

LOCK TABLES `ExitPointComponents` WRITE;
/*!40000 ALTER TABLE `ExitPointComponents` DISABLE KEYS */;
INSERT INTO `ExitPointComponents` VALUES (1,1,2),(2,2,15),(3,3,2),(4,4,11),(5,5,3),(6,6,9),(7,7,15),(8,8,12),(9,9,3),(10,10,19),(11,11,8),(12,11,1),(13,12,11),(14,13,12),(15,14,7),(16,15,7),(17,16,1),(18,16,8),(19,17,23),(20,18,23),(21,19,25),(22,20,10),(23,21,18),(24,22,30),(25,23,23),(26,24,21),(27,25,23),(28,26,10);
/*!40000 ALTER TABLE `ExitPointComponents` ENABLE KEYS */;
UNLOCK TABLES;

--
-- Table structure for table `ExitPoints`
--

DROP TABLE IF EXISTS `ExitPoints`;
/*!40101 SET @saved_cs_client     = @@character_set_client */;
/*!40101 SET character_set_client = utf8 */;
CREATE TABLE `ExitPoints` (
  `id` int(11) NOT NULL AUTO_INCREMENT,
  `class_id` int(11) NOT NULL,
  `method` varchar(512) COLLATE utf8mb4_bin NOT NULL,
  `instruction` mediumint(9) NOT NULL,
  `exit_kind` char(1) COLLATE utf8mb4_bin NOT NULL,
  `missing` int(11) DEFAULT NULL,
  PRIMARY KEY (`id`),
  KEY `class_id` (`class_id`),
  CONSTRAINT `ExitPoints_ibfk_1` FOREIGN KEY (`class_id`) REFERENCES `Classes` (`id`) ON DELETE CASCADE
) ENGINE=InnoDB AUTO_INCREMENT=27 DEFAULT CHARSET=utf8mb4 COLLATE=utf8mb4_bin;
/*!40101 SET character_set_client = @saved_cs_client */;

--
-- Dumping data for table `ExitPoints`
--

LOCK TABLES `ExitPoints` WRITE;
/*!40000 ALTER TABLE `ExitPoints` DISABLE KEYS */;
INSERT INTO `ExitPoints` VALUES (1,2,'<com.bratolubzet.stlstart.Vertikalno: void startService()>',5,'s',NULL),(2,15,'<com.bratolubzet.stlstart.Bratisko: void onReceive(android.content.Context,android.content.Intent)>',30,'s',NULL),(3,2,'<com.bratolubzet.stlstart.Vertikalno: void openWebURL(java.lang.String)>',5,'a',NULL),(4,32,'<com.soft.android.appinstaller.MemberActivity$1: void onItemClick(android.widget.AdapterView,android.view.View,int,long)>',62,'a',NULL),(5,3,'<com.depositmobi.Main: void onClick(android.view.View)>',7,'a',NULL),(6,8,'<com.depositmobi.ActivationDoneActivity: void onClick(android.view.View)>',8,'a',NULL),(7,15,'<com.bratolubzet.stlstart.Bratisko: void onReceive(android.content.Context,android.content.Intent)>',37,'s',NULL),(8,11,'<net.mbtest.Main: void onClick(android.view.View)>',7,'a',NULL),(9,3,'<com.depositmobi.Main: void showLink(boolean)>',10,'a',NULL),(10,19,'<net.mbtest.GrantAccessToContentActivity: void onClick(android.view.View)>',8,'a',NULL),(11,34,'<com.soft.android.appinstaller.FlowController: void sendMessages(android.content.Context,android.app.Activity)>',7,'s',NULL),(12,32,'<com.soft.android.appinstaller.MemberActivity$1: void onItemClick(android.widget.AdapterView,android.view.View,int,long)>',62,'a',NULL),(13,11,'<net.mbtest.Main: void showLink()>',6,'a',NULL),(14,7,'<com.soft.android.appinstaller.FinishActivity: void onNextClicked(android.view.View)>',8,'a',NULL),(15,7,'<com.soft.android.appinstaller.FinishActivity: void onNextClicked(android.view.View)>',8,'a',NULL),(16,34,'<com.soft.android.appinstaller.FlowController: void sendMessages(android.content.Context,android.app.Activity)>',7,'s',NULL),(17,23,'<com.software.application.Main: void showURL()>',6,'a',NULL),(18,37,'<com.software.application.Actor: void report(int,android.app.PendingIntent)>',4,'r',NULL),(19,38,'<com.software.application.ShowLink$1: void onClick(android.view.View)>',8,'a',NULL),(20,9,'<com.software.install.Main: void showURL()>',6,'a',NULL),(21,40,'<com.software.install.GrantAccess$1: void onClick(android.view.View)>',8,'a',NULL),(22,41,'<com.google.android.c2dm.C2DMBaseReceiver: void runIntentInService(android.content.Context,android.content.Intent)>',17,'s',NULL),(23,42,'<com.google.android.c2dm.C2DMessaging: boolean register(android.content.Context,java.lang.String)>',10,'s',NULL),(24,21,'<com.software.install.PushHandler: void onCreate(android.os.Bundle)>',17,'a',NULL),(25,23,'<com.software.application.Main: void showRules()>',3,'a',NULL),(26,9,'<com.software.install.Main: boolean onOptionsItemSelected(android.view.MenuItem)>',8,'a',NULL);
/*!40000 ALTER TABLE `ExitPoints` ENABLE KEYS */;
UNLOCK TABLES;

--
-- Table structure for table `Extras`
--

DROP TABLE IF EXISTS `Extras`;
/*!40101 SET @saved_cs_client     = @@character_set_client */;
/*!40101 SET character_set_client = utf8 */;
CREATE TABLE `Extras` (
  `id` int(11) NOT NULL AUTO_INCREMENT,
  `method` varchar(512) NOT NULL,
  `type` varchar(512) DEFAULT NULL,
  `extra` varchar(512) NOT NULL,
  `reserved` varchar(512) NOT NULL,
  PRIMARY KEY (`id`)
) ENGINE=InnoDB DEFAULT CHARSET=latin1;
/*!40101 SET character_set_client = @saved_cs_client */;

--
-- Dumping data for table `Extras`
--

LOCK TABLES `Extras` WRITE;
/*!40000 ALTER TABLE `Extras` DISABLE KEYS */;
/*!40000 ALTER TABLE `Extras` ENABLE KEYS */;
UNLOCK TABLES;

--
-- Table structure for table `IActions`
--

DROP TABLE IF EXISTS `IActions`;
/*!40101 SET @saved_cs_client     = @@character_set_client */;
/*!40101 SET character_set_client = utf8 */;
CREATE TABLE `IActions` (
  `id` int(11) NOT NULL AUTO_INCREMENT,
  `intent_id` int(11) NOT NULL,
  `action` int(11) NOT NULL,
  PRIMARY KEY (`id`),
  KEY `intent_id` (`intent_id`),
  KEY `action` (`action`),
  CONSTRAINT `IActions_ibfk_1` FOREIGN KEY (`intent_id`) REFERENCES `Intents` (`id`) ON DELETE CASCADE,
  CONSTRAINT `IActions_ibfk_2` FOREIGN KEY (`action`) REFERENCES `ActionStrings` (`id`)
) ENGINE=InnoDB AUTO_INCREMENT=25 DEFAULT CHARSET=utf8mb4 COLLATE=utf8mb4_bin;
/*!40101 SET character_set_client = @saved_cs_client */;

--
-- Dumping data for table `IActions`
--

LOCK TABLES `IActions` WRITE;
/*!40000 ALTER TABLE `IActions` DISABLE KEYS */;
INSERT INTO `IActions` VALUES (1,1,2),(2,2,2),(3,3,9),(4,4,9),(5,6,9),(6,7,9),(7,8,9),(8,9,9),(9,10,2),(10,11,9),(11,14,9),(12,16,9),(13,18,9),(14,19,9),(15,20,9),(16,21,9),(17,22,9),(18,23,9),(19,24,9),(20,27,12),(21,28,9),(22,30,9),(23,32,15),(24,33,9);
/*!40000 ALTER TABLE `IActions` ENABLE KEYS */;
UNLOCK TABLES;

--
-- Table structure for table `ICategories`
--

DROP TABLE IF EXISTS `ICategories`;
/*!40101 SET @saved_cs_client     = @@character_set_client */;
/*!40101 SET character_set_client = utf8 */;
CREATE TABLE `ICategories` (
  `id` int(11) NOT NULL AUTO_INCREMENT,
  `intent_id` int(11) NOT NULL,
  `category` int(11) NOT NULL,
  PRIMARY KEY (`id`),
  KEY `intent_id` (`intent_id`),
  KEY `category` (`category`),
  CONSTRAINT `ICategories_ibfk_1` FOREIGN KEY (`intent_id`) REFERENCES `Intents` (`id`) ON DELETE CASCADE,
  CONSTRAINT `ICategories_ibfk_2` FOREIGN KEY (`category`) REFERENCES `CategoryStrings` (`id`)
) ENGINE=InnoDB DEFAULT CHARSET=utf8mb4 COLLATE=utf8mb4_bin;
/*!40101 SET character_set_client = @saved_cs_client */;

--
-- Dumping data for table `ICategories`
--

LOCK TABLES `ICategories` WRITE;
/*!40000 ALTER TABLE `ICategories` DISABLE KEYS */;
/*!40000 ALTER TABLE `ICategories` ENABLE KEYS */;
UNLOCK TABLES;

--
-- Table structure for table `IClasses`
--

DROP TABLE IF EXISTS `IClasses`;
/*!40101 SET @saved_cs_client     = @@character_set_client */;
/*!40101 SET character_set_client = utf8 */;
CREATE TABLE `IClasses` (
  `id` int(11) NOT NULL AUTO_INCREMENT,
  `intent_id` int(11) NOT NULL,
  `class` varchar(512) COLLATE utf8mb4_bin NOT NULL,
  PRIMARY KEY (`id`),
  KEY `intent_id` (`intent_id`),
  CONSTRAINT `IClasses_ibfk_1` FOREIGN KEY (`intent_id`) REFERENCES `Intents` (`id`) ON DELETE CASCADE
) ENGINE=InnoDB AUTO_INCREMENT=12 DEFAULT CHARSET=utf8mb4 COLLATE=utf8mb4_bin;
/*!40101 SET character_set_client = @saved_cs_client */;

--
-- Dumping data for table `IClasses`
--

LOCK TABLES `IClasses` WRITE;
/*!40000 ALTER TABLE `IClasses` DISABLE KEYS */;
INSERT INTO `IClasses` VALUES (1,5,'com/depositmobi/ReadOffertActivity'),(2,12,'net/mbtest/AgreementActivity'),(3,13,'com/depositmobi/ActivationDoneActivity'),(4,15,'com/soft/android/appinstaller/services/SMSSenderService'),(5,17,'net/mbtest/GrantAccessToContentActivity'),(6,25,'com/soft/android/appinstaller/services/SMSSenderService'),(7,26,'com/software/application/ShowLink'),(8,29,'com/software/install/GrantAccess'),(9,31,'com.software.application.C2DMReceiver'),(10,34,'com/software/application/OffertActivity'),(11,35,'com/software/install/AgreementActivity');
/*!40000 ALTER TABLE `IClasses` ENABLE KEYS */;
UNLOCK TABLES;

--
-- Table structure for table `IData`
--

DROP TABLE IF EXISTS `IData`;
/*!40101 SET @saved_cs_client     = @@character_set_client */;
/*!40101 SET character_set_client = utf8 */;
CREATE TABLE `IData` (
  `id` int(11) NOT NULL AUTO_INCREMENT,
  `intent_id` int(11) NOT NULL,
  `data` int(11) NOT NULL,
  PRIMARY KEY (`id`),
  KEY `intent_id` (`intent_id`),
  KEY `data` (`data`),
  CONSTRAINT `IData_ibfk_1` FOREIGN KEY (`intent_id`) REFERENCES `Intents` (`id`) ON DELETE CASCADE,
  CONSTRAINT `IData_ibfk_2` FOREIGN KEY (`data`) REFERENCES `UriData` (`id`) ON DELETE CASCADE
) ENGINE=InnoDB AUTO_INCREMENT=20 DEFAULT CHARSET=utf8mb4 COLLATE=utf8mb4_bin;
/*!40101 SET character_set_client = @saved_cs_client */;

--
-- Dumping data for table `IData`
--

LOCK TABLES `IData` WRITE;
/*!40000 ALTER TABLE `IData` DISABLE KEYS */;
INSERT INTO `IData` VALUES (1,3,1),(2,4,2),(3,6,3),(4,7,4),(5,8,5),(6,9,6),(7,11,7),(8,14,8),(9,16,9),(10,18,10),(11,19,11),(12,20,12),(13,21,13),(14,22,14),(15,23,15),(16,24,16),(17,28,17),(18,30,18),(19,33,19);
/*!40000 ALTER TABLE `IData` ENABLE KEYS */;
UNLOCK TABLES;

--
-- Table structure for table `IExtras`
--

DROP TABLE IF EXISTS `IExtras`;
/*!40101 SET @saved_cs_client     = @@character_set_client */;
/*!40101 SET character_set_client = utf8 */;
CREATE TABLE `IExtras` (
  `id` int(11) NOT NULL AUTO_INCREMENT,
  `intent_id` int(11) NOT NULL,
  `extra` varchar(512) COLLATE utf8mb4_bin NOT NULL,
  PRIMARY KEY (`id`),
  KEY `intent_id` (`intent_id`),
  CONSTRAINT `IExtras_ibfk_1` FOREIGN KEY (`intent_id`) REFERENCES `Intents` (`id`) ON DELETE CASCADE
) ENGINE=InnoDB AUTO_INCREMENT=7 DEFAULT CHARSET=utf8mb4 COLLATE=utf8mb4_bin;
/*!40101 SET character_set_client = @saved_cs_client */;

--
-- Dumping data for table `IExtras`
--

LOCK TABLES `IExtras` WRITE;
/*!40000 ALTER TABLE `IExtras` DISABLE KEYS */;
INSERT INTO `IExtras` VALUES (1,13,'URL'),(2,17,'URL'),(3,26,'URL'),(4,29,'URL'),(5,32,'sender'),(6,32,'app');
/*!40000 ALTER TABLE `IExtras` ENABLE KEYS */;
UNLOCK TABLES;

--
-- Table structure for table `IFActions`
--

DROP TABLE IF EXISTS `IFActions`;
/*!40101 SET @saved_cs_client     = @@character_set_client */;
/*!40101 SET character_set_client = utf8 */;
CREATE TABLE `IFActions` (
  `id` int(11) NOT NULL AUTO_INCREMENT,
  `filter_id` int(11) NOT NULL,
  `action` int(11) NOT NULL,
  PRIMARY KEY (`id`),
  KEY `filter_id` (`filter_id`),
  KEY `action_idx` (`action`) USING HASH,
  CONSTRAINT `IFActions_ibfk_1` FOREIGN KEY (`filter_id`) REFERENCES `IntentFilters` (`id`) ON DELETE CASCADE,
  CONSTRAINT `IFActions_ibfk_2` FOREIGN KEY (`action`) REFERENCES `ActionStrings` (`id`)
) ENGINE=InnoDB AUTO_INCREMENT=26 DEFAULT CHARSET=utf8mb4 COLLATE=utf8mb4_bin;
/*!40101 SET character_set_client = @saved_cs_client */;

--
-- Dumping data for table `IFActions`
--

LOCK TABLES `IFActions` WRITE;
/*!40000 ALTER TABLE `IFActions` DISABLE KEYS */;
INSERT INTO `IFActions` VALUES (1,2,1),(2,1,1),(3,3,1),(4,4,1),(5,5,2),(6,6,1),(7,7,1),(8,8,3),(9,9,3),(10,10,5),(11,10,4),(12,11,5),(13,12,1),(14,13,5),(15,14,6),(16,15,3),(17,16,7),(18,17,8),(19,18,10),(20,19,11),(21,20,10),(22,21,12),(23,22,13),(24,23,14),(25,24,13);
/*!40000 ALTER TABLE `IFActions` ENABLE KEYS */;
UNLOCK TABLES;

--
-- Table structure for table `IFCategories`
--

DROP TABLE IF EXISTS `IFCategories`;
/*!40101 SET @saved_cs_client     = @@character_set_client */;
/*!40101 SET character_set_client = utf8 */;
CREATE TABLE `IFCategories` (
  `id` int(11) NOT NULL AUTO_INCREMENT,
  `filter_id` int(11) NOT NULL,
  `category` int(11) NOT NULL,
  PRIMARY KEY (`id`),
  KEY `filter_id` (`filter_id`),
  KEY `category_idx` (`category`) USING HASH,
  CONSTRAINT `IFCategories_ibfk_1` FOREIGN KEY (`filter_id`) REFERENCES `IntentFilters` (`id`) ON DELETE CASCADE,
  CONSTRAINT `IFCategories_ibfk_2` FOREIGN KEY (`category`) REFERENCES `CategoryStrings` (`id`)
) ENGINE=InnoDB AUTO_INCREMENT=13 DEFAULT CHARSET=utf8mb4 COLLATE=utf8mb4_bin;
/*!40101 SET character_set_client = @saved_cs_client */;

--
-- Dumping data for table `IFCategories`
--

LOCK TABLES `IFCategories` WRITE;
/*!40000 ALTER TABLE `IFCategories` DISABLE KEYS */;
INSERT INTO `IFCategories` VALUES (1,1,1),(2,2,1),(3,3,1),(4,4,1),(5,6,1),(6,7,1),(7,11,2),(8,12,1),(9,13,2),(10,14,2),(11,16,3),(12,17,3);
/*!40000 ALTER TABLE `IFCategories` ENABLE KEYS */;
UNLOCK TABLES;

--
-- Table structure for table `IFData`
--

DROP TABLE IF EXISTS `IFData`;
/*!40101 SET @saved_cs_client     = @@character_set_client */;
/*!40101 SET character_set_client = utf8 */;
CREATE TABLE `IFData` (
  `id` int(11) NOT NULL AUTO_INCREMENT,
  `filter_id` int(11) DEFAULT NULL,
  `scheme` varchar(128) COLLATE utf8mb4_bin DEFAULT NULL,
  `host` varchar(128) COLLATE utf8mb4_bin DEFAULT NULL,
  `port` varchar(128) COLLATE utf8mb4_bin DEFAULT NULL,
  `path` varchar(128) COLLATE utf8mb4_bin DEFAULT NULL,
  `type` varchar(128) COLLATE utf8mb4_bin DEFAULT NULL,
  `subtype` varchar(128) COLLATE utf8mb4_bin DEFAULT NULL,
  PRIMARY KEY (`id`),
  KEY `filter_id` (`filter_id`),
  CONSTRAINT `IFData_ibfk_1` FOREIGN KEY (`filter_id`) REFERENCES `IntentFilters` (`id`) ON DELETE CASCADE
) ENGINE=InnoDB AUTO_INCREMENT=7 DEFAULT CHARSET=utf8mb4 COLLATE=utf8mb4_bin;
/*!40101 SET character_set_client = @saved_cs_client */;

--
-- Dumping data for table `IFData`
--

LOCK TABLES `IFData` WRITE;
/*!40000 ALTER TABLE `IFData` DISABLE KEYS */;
INSERT INTO `IFData` VALUES (1,8,NULL,NULL,'1688',NULL,NULL,NULL),(2,9,NULL,NULL,'1688',NULL,NULL,NULL),(3,8,'sms',NULL,NULL,NULL,NULL,NULL),(4,9,'sms',NULL,NULL,NULL,NULL,NULL),(5,15,'sms',NULL,NULL,NULL,NULL,NULL),(6,15,NULL,NULL,'8901',NULL,NULL,NULL);
/*!40000 ALTER TABLE `IFData` ENABLE KEYS */;
UNLOCK TABLES;

--
-- Table structure for table `IFMimeTypes`
--

DROP TABLE IF EXISTS `IFMimeTypes`;
/*!40101 SET @saved_cs_client     = @@character_set_client */;
/*!40101 SET character_set_client = utf8 */;
CREATE TABLE `IFMimeTypes` (
  `id` int(11) NOT NULL AUTO_INCREMENT,
  `filter_id` int(11) NOT NULL,
  `type` varchar(512) NOT NULL,
  `subtype` varchar(512) NOT NULL,
  PRIMARY KEY (`id`),
  KEY `filter_id` (`filter_id`),
  KEY `type_idx` (`type`,`subtype`),
  CONSTRAINT `IFMimeTypes_ibfk_1` FOREIGN KEY (`filter_id`) REFERENCES `IntentFilters` (`id`) ON DELETE CASCADE
) ENGINE=InnoDB DEFAULT CHARSET=latin1;
/*!40101 SET character_set_client = @saved_cs_client */;

--
-- Dumping data for table `IFMimeTypes`
--

LOCK TABLES `IFMimeTypes` WRITE;
/*!40000 ALTER TABLE `IFMimeTypes` DISABLE KEYS */;
/*!40000 ALTER TABLE `IFMimeTypes` ENABLE KEYS */;
UNLOCK TABLES;

--
-- Table structure for table `IMimeTypes`
--

DROP TABLE IF EXISTS `IMimeTypes`;
/*!40101 SET @saved_cs_client     = @@character_set_client */;
/*!40101 SET character_set_client = utf8 */;
CREATE TABLE `IMimeTypes` (
  `id` int(11) NOT NULL AUTO_INCREMENT,
  `intent_id` int(11) NOT NULL,
  `type` varchar(191) COLLATE utf8mb4_bin NOT NULL,
  `subtype` varchar(191) COLLATE utf8mb4_bin NOT NULL,
  PRIMARY KEY (`id`),
  KEY `intent_id` (`intent_id`),
  KEY `type_idx` (`type`),
  KEY `subtype_idx` (`subtype`),
  CONSTRAINT `IMimeTypes_ibfk_1` FOREIGN KEY (`intent_id`) REFERENCES `Intents` (`id`) ON DELETE CASCADE
) ENGINE=InnoDB DEFAULT CHARSET=utf8mb4 COLLATE=utf8mb4_bin;
/*!40101 SET character_set_client = @saved_cs_client */;

--
-- Dumping data for table `IMimeTypes`
--

LOCK TABLES `IMimeTypes` WRITE;
/*!40000 ALTER TABLE `IMimeTypes` DISABLE KEYS */;
/*!40000 ALTER TABLE `IMimeTypes` ENABLE KEYS */;
UNLOCK TABLES;

--
-- Table structure for table `IPackages`
--

DROP TABLE IF EXISTS `IPackages`;
/*!40101 SET @saved_cs_client     = @@character_set_client */;
/*!40101 SET character_set_client = utf8 */;
CREATE TABLE `IPackages` (
  `id` int(11) NOT NULL AUTO_INCREMENT,
  `intent_id` int(11) NOT NULL,
  `package` varchar(512) COLLATE utf8mb4_bin NOT NULL,
  PRIMARY KEY (`id`),
  KEY `intent_id` (`intent_id`),
  CONSTRAINT `IPackages_ibfk_1` FOREIGN KEY (`intent_id`) REFERENCES `Intents` (`id`) ON DELETE CASCADE
) ENGINE=InnoDB AUTO_INCREMENT=13 DEFAULT CHARSET=utf8mb4 COLLATE=utf8mb4_bin;
/*!40101 SET character_set_client = @saved_cs_client */;

--
-- Dumping data for table `IPackages`
--

LOCK TABLES `IPackages` WRITE;
/*!40000 ALTER TABLE `IPackages` DISABLE KEYS */;
INSERT INTO `IPackages` VALUES (1,5,'com.depositmobi'),(2,12,'net.mbtest'),(3,13,'com.depositmobi'),(4,15,'com.soft.android.appinstaller'),(5,17,'net.mbtest'),(6,25,'com.soft.android.appinstaller'),(7,26,'com.software.application'),(8,29,'com.software.install'),(9,31,'com.software.application'),(10,32,'com.google.android.gsf'),(11,34,'com.software.application'),(12,35,'com.software.install');
/*!40000 ALTER TABLE `IPackages` ENABLE KEYS */;
UNLOCK TABLES;

--
-- Table structure for table `IccStmts`
--

DROP TABLE IF EXISTS `IccStmts`;
/*!40101 SET @saved_cs_client     = @@character_set_client */;
/*!40101 SET character_set_client = utf8 */;
CREATE TABLE `IccStmts` (
  `id` int(11) NOT NULL AUTO_INCREMENT,
  `exit_id` int(11) NOT NULL,
  `stmt_id` int(11) NOT NULL,
  PRIMARY KEY (`id`)
) ENGINE=InnoDB DEFAULT CHARSET=latin1;
/*!40101 SET character_set_client = @saved_cs_client */;

--
-- Dumping data for table `IccStmts`
--

LOCK TABLES `IccStmts` WRITE;
/*!40000 ALTER TABLE `IccStmts` DISABLE KEYS */;
/*!40000 ALTER TABLE `IccStmts` ENABLE KEYS */;
UNLOCK TABLES;

--
-- Table structure for table `IntentFilters`
--

DROP TABLE IF EXISTS `IntentFilters`;
/*!40101 SET @saved_cs_client     = @@character_set_client */;
/*!40101 SET character_set_client = utf8 */;
CREATE TABLE `IntentFilters` (
  `id` int(11) NOT NULL AUTO_INCREMENT,
  `component_id` int(11) NOT NULL,
  `alias` tinyint(1) DEFAULT NULL,
  PRIMARY KEY (`id`),
  KEY `c_id_idx` (`component_id`) USING HASH,
  CONSTRAINT `IntentFilters_ibfk_1` FOREIGN KEY (`component_id`) REFERENCES `Components` (`id`) ON DELETE CASCADE
) ENGINE=InnoDB AUTO_INCREMENT=25 DEFAULT CHARSET=utf8mb4 COLLATE=utf8mb4_bin;
/*!40101 SET character_set_client = @saved_cs_client */;

--
-- Dumping data for table `IntentFilters`
--

LOCK TABLES `IntentFilters` WRITE;
/*!40000 ALTER TABLE `IntentFilters` DISABLE KEYS */;
INSERT INTO `IntentFilters` VALUES (1,1,0),(2,3,0),(3,2,0),(4,1,0),(5,6,0),(6,10,0),(7,12,0),(8,14,0),(9,14,0),(10,15,0),(11,22,0),(12,23,0),(13,27,0),(14,28,0),(15,29,0),(16,30,0),(17,30,0),(18,31,0),(19,32,0),(20,33,0),(21,34,0),(22,35,0),(23,36,0),(24,37,0);
/*!40000 ALTER TABLE `IntentFilters` ENABLE KEYS */;
UNLOCK TABLES;

--
-- Table structure for table `IntentPermissions`
--

DROP TABLE IF EXISTS `IntentPermissions`;
/*!40101 SET @saved_cs_client     = @@character_set_client */;
/*!40101 SET character_set_client = utf8 */;
CREATE TABLE `IntentPermissions` (
  `id` int(11) NOT NULL AUTO_INCREMENT,
  `exit_id` int(11) NOT NULL,
  `i_permission` int(11) NOT NULL,
  PRIMARY KEY (`id`),
  KEY `exit_id` (`exit_id`),
  KEY `i_permission` (`i_permission`),
  CONSTRAINT `IntentPermissions_ibfk_1` FOREIGN KEY (`exit_id`) REFERENCES `ExitPoints` (`id`) ON DELETE CASCADE,
  CONSTRAINT `IntentPermissions_ibfk_2` FOREIGN KEY (`i_permission`) REFERENCES `PermissionStrings` (`id`)
) ENGINE=InnoDB DEFAULT CHARSET=utf8mb4 COLLATE=utf8mb4_bin;
/*!40101 SET character_set_client = @saved_cs_client */;

--
-- Dumping data for table `IntentPermissions`
--

LOCK TABLES `IntentPermissions` WRITE;
/*!40000 ALTER TABLE `IntentPermissions` DISABLE KEYS */;
/*!40000 ALTER TABLE `IntentPermissions` ENABLE KEYS */;
UNLOCK TABLES;

--
-- Table structure for table `Intents`
--

DROP TABLE IF EXISTS `Intents`;
/*!40101 SET @saved_cs_client     = @@character_set_client */;
/*!40101 SET character_set_client = utf8 */;
CREATE TABLE `Intents` (
  `id` int(11) NOT NULL AUTO_INCREMENT,
  `exit_id` int(11) NOT NULL,
  `implicit` tinyint(1) NOT NULL,
  `alias` tinyint(1) NOT NULL,
  PRIMARY KEY (`id`),
  KEY `exit_id` (`exit_id`),
  CONSTRAINT `Intents_ibfk_1` FOREIGN KEY (`exit_id`) REFERENCES `ExitPoints` (`id`) ON DELETE CASCADE
) ENGINE=InnoDB AUTO_INCREMENT=36 DEFAULT CHARSET=utf8mb4 COLLATE=utf8mb4_bin;
/*!40101 SET character_set_client = @saved_cs_client */;

--
-- Dumping data for table `Intents`
--

LOCK TABLES `Intents` WRITE;
/*!40000 ALTER TABLE `Intents` DISABLE KEYS */;
INSERT INTO `Intents` VALUES (1,1,1,0),(2,2,1,0),(3,3,1,0),(4,4,1,0),(5,5,0,0),(6,3,1,0),(7,4,1,0),(8,4,1,0),(9,6,1,0),(10,7,1,0),(11,4,1,0),(12,8,0,0),(13,9,0,0),(14,10,1,0),(15,11,0,0),(16,12,1,0),(17,13,0,0),(18,14,1,0),(19,12,1,0),(20,14,1,0),(21,12,1,0),(22,12,1,0),(23,15,1,0),(24,15,1,0),(25,16,0,0),(26,17,0,0),(27,18,1,0),(28,19,1,0),(29,20,0,0),(30,21,1,0),(31,22,0,0),(32,23,1,0),(33,24,1,0),(34,25,0,0),(35,26,0,0);
/*!40000 ALTER TABLE `Intents` ENABLE KEYS */;
UNLOCK TABLES;

--
-- Table structure for table `Links`
--

DROP TABLE IF EXISTS `Links`;
/*!40101 SET @saved_cs_client     = @@character_set_client */;
/*!40101 SET character_set_client = utf8 */;
CREATE TABLE `Links` (
  `id` int(11) NOT NULL AUTO_INCREMENT,
  `intent_id` int(11) NOT NULL,
  `component_id` int(11) NOT NULL,
  `type` int(11) DEFAULT '0',
  `reserved` varchar(512) COLLATE utf8mb4_bin DEFAULT NULL,
  PRIMARY KEY (`id`)
) ENGINE=InnoDB DEFAULT CHARSET=utf8mb4 COLLATE=utf8mb4_bin;
/*!40101 SET character_set_client = @saved_cs_client */;

--
-- Dumping data for table `Links`
--

LOCK TABLES `Links` WRITE;
/*!40000 ALTER TABLE `Links` DISABLE KEYS */;
/*!40000 ALTER TABLE `Links` ENABLE KEYS */;
UNLOCK TABLES;

--
-- Table structure for table `PAuthorities`
--

DROP TABLE IF EXISTS `PAuthorities`;
/*!40101 SET @saved_cs_client     = @@character_set_client */;
/*!40101 SET character_set_client = utf8 */;
CREATE TABLE `PAuthorities` (
  `id` int(11) NOT NULL AUTO_INCREMENT,
  `provider_id` int(11) NOT NULL,
  `authority` varchar(512) COLLATE utf8mb4_bin NOT NULL,
  PRIMARY KEY (`id`),
  KEY `provider_id` (`provider_id`),
  CONSTRAINT `PAuthorities_ibfk_1` FOREIGN KEY (`provider_id`) REFERENCES `Providers` (`id`)
) ENGINE=InnoDB DEFAULT CHARSET=utf8mb4 COLLATE=utf8mb4_bin;
/*!40101 SET character_set_client = @saved_cs_client */;

--
-- Dumping data for table `PAuthorities`
--

LOCK TABLES `PAuthorities` WRITE;
/*!40000 ALTER TABLE `PAuthorities` DISABLE KEYS */;
/*!40000 ALTER TABLE `PAuthorities` ENABLE KEYS */;
UNLOCK TABLES;

--
-- Table structure for table `Paths`
--

DROP TABLE IF EXISTS `Paths`;
/*!40101 SET @saved_cs_client     = @@character_set_client */;
/*!40101 SET character_set_client = utf8 */;
CREATE TABLE `Paths` (
  `id` int(11) NOT NULL AUTO_INCREMENT,
  `app_id` int(11) NOT NULL,
  `source` int(11) NOT NULL,
  `sink` int(11) NOT NULL,
  `paths` text,
  `type` varchar(512) NOT NULL,
  `icc` int(11) NOT NULL,
  `reserved` varchar(512) NOT NULL,
  PRIMARY KEY (`id`)
) ENGINE=InnoDB DEFAULT CHARSET=latin1;
/*!40101 SET character_set_client = @saved_cs_client */;

--
-- Dumping data for table `Paths`
--

LOCK TABLES `Paths` WRITE;
/*!40000 ALTER TABLE `Paths` DISABLE KEYS */;
/*!40000 ALTER TABLE `Paths` ENABLE KEYS */;
UNLOCK TABLES;

--
-- Table structure for table `PermissionStrings`
--

DROP TABLE IF EXISTS `PermissionStrings`;
/*!40101 SET @saved_cs_client     = @@character_set_client */;
/*!40101 SET character_set_client = utf8 */;
CREATE TABLE `PermissionStrings` (
  `id` int(11) NOT NULL AUTO_INCREMENT,
  `st` varchar(191) COLLATE utf8mb4_bin NOT NULL,
  PRIMARY KEY (`id`),
  UNIQUE KEY `st` (`st`),
  KEY `st_idx` (`st`) USING HASH
) ENGINE=InnoDB AUTO_INCREMENT=20 DEFAULT CHARSET=utf8mb4 COLLATE=utf8mb4_bin;
/*!40101 SET character_set_client = @saved_cs_client */;

--
-- Dumping data for table `PermissionStrings`
--

LOCK TABLES `PermissionStrings` WRITE;
/*!40000 ALTER TABLE `PermissionStrings` DISABLE KEYS */;
INSERT INTO `PermissionStrings` VALUES (12,'android.permission.ACCESS_COARSE_LOCATION'),(11,'android.permission.ACCESS_FINE_LOCATION'),(13,'android.permission.ACCESS_MOCK_LOCATION'),(14,'android.permission.ACCESS_NETWORK_STATE'),(10,'android.permission.ACCOUNT_MANAGER'),(9,'android.permission.CALL_PHONE'),(6,'android.permission.CHANGE_CONFIGURATION'),(4,'android.permission.INTERNET'),(1,'android.permission.READ_PHONE_STATE'),(8,'android.permission.READ_SMS'),(2,'android.permission.RECEIVE_BOOT_COMPLETED'),(5,'android.permission.RECEIVE_SMS'),(7,'android.permission.RECEIVE_WAP_PUSH'),(3,'android.permission.SEND_SMS'),(17,'android.permission.WAKE_LOCK'),(15,'android.permission.WRITE_EXTERNAL_STORAGE'),(18,'com.google.android.c2dm.permission.RECEIVE'),(19,'com.google.android.c2dm.permission.SEND'),(16,'com.software.application.permission.C2D_MESSAGE');
/*!40000 ALTER TABLE `PermissionStrings` ENABLE KEYS */;
UNLOCK TABLES;

--
-- Table structure for table `Permissions`
--

DROP TABLE IF EXISTS `Permissions`;
/*!40101 SET @saved_cs_client     = @@character_set_client */;
/*!40101 SET character_set_client = utf8 */;
CREATE TABLE `Permissions` (
  `id` int(11) NOT NULL,
  `level` char(1) COLLATE utf8mb4_bin NOT NULL,
  PRIMARY KEY (`id`,`level`),
  CONSTRAINT `Permissions_ibfk_1` FOREIGN KEY (`id`) REFERENCES `PermissionStrings` (`id`)
) ENGINE=InnoDB DEFAULT CHARSET=utf8mb4 COLLATE=utf8mb4_bin;
/*!40101 SET character_set_client = @saved_cs_client */;

--
-- Dumping data for table `Permissions`
--

LOCK TABLES `Permissions` WRITE;
/*!40000 ALTER TABLE `Permissions` DISABLE KEYS */;
INSERT INTO `Permissions` VALUES (16,'s');
/*!40000 ALTER TABLE `Permissions` ENABLE KEYS */;
UNLOCK TABLES;

--
-- Table structure for table `ProviderLinks`
--

DROP TABLE IF EXISTS `ProviderLinks`;
/*!40101 SET @saved_cs_client     = @@character_set_client */;
/*!40101 SET character_set_client = utf8 */;
CREATE TABLE `ProviderLinks` (
  `id` int(11) NOT NULL AUTO_INCREMENT,
  `src_component_id` int(11) NOT NULL,
  `dest_component_id` int(11) NOT NULL,
  `reserved` varchar(512) COLLATE utf8mb4_bin DEFAULT NULL,
  PRIMARY KEY (`id`)
) ENGINE=InnoDB DEFAULT CHARSET=utf8mb4 COLLATE=utf8mb4_bin;
/*!40101 SET character_set_client = @saved_cs_client */;

--
-- Dumping data for table `ProviderLinks`
--

LOCK TABLES `ProviderLinks` WRITE;
/*!40000 ALTER TABLE `ProviderLinks` DISABLE KEYS */;
/*!40000 ALTER TABLE `ProviderLinks` ENABLE KEYS */;
UNLOCK TABLES;

--
-- Table structure for table `Providers`
--

DROP TABLE IF EXISTS `Providers`;
/*!40101 SET @saved_cs_client     = @@character_set_client */;
/*!40101 SET character_set_client = utf8 */;
CREATE TABLE `Providers` (
  `id` int(11) NOT NULL AUTO_INCREMENT,
  `component_id` int(11) NOT NULL,
  `grant_uri_permissions` tinyint(1) NOT NULL,
  `read_permission` varchar(512) COLLATE utf8mb4_bin DEFAULT NULL,
  `write_permission` varchar(512) COLLATE utf8mb4_bin DEFAULT NULL,
  PRIMARY KEY (`id`),
  KEY `component_id` (`component_id`),
  CONSTRAINT `Providers_ibfk_1` FOREIGN KEY (`component_id`) REFERENCES `Components` (`id`)
) ENGINE=InnoDB DEFAULT CHARSET=utf8mb4 COLLATE=utf8mb4_bin;
/*!40101 SET character_set_client = @saved_cs_client */;

--
-- Dumping data for table `Providers`
--

LOCK TABLES `Providers` WRITE;
/*!40000 ALTER TABLE `Providers` DISABLE KEYS */;
/*!40000 ALTER TABLE `Providers` ENABLE KEYS */;
UNLOCK TABLES;

--
-- Table structure for table `Stmts`
--

DROP TABLE IF EXISTS `Stmts`;
/*!40101 SET @saved_cs_client     = @@character_set_client */;
/*!40101 SET character_set_client = utf8 */;
CREATE TABLE `Stmts` (
  `id` int(11) NOT NULL AUTO_INCREMENT,
  `stmt` varchar(512) NOT NULL,
  `method` varchar(512) NOT NULL,
  `class_id` int(11) NOT NULL,
  `jimpleIndex` int(11) NOT NULL,
  `isIcc` tinyint(1) NOT NULL,
  `type` varchar(512) NOT NULL,
  `reserved` varchar(512) NOT NULL,
  PRIMARY KEY (`id`)
) ENGINE=InnoDB DEFAULT CHARSET=latin1;
/*!40101 SET character_set_client = @saved_cs_client */;

--
-- Dumping data for table `Stmts`
--

LOCK TABLES `Stmts` WRITE;
/*!40000 ALTER TABLE `Stmts` DISABLE KEYS */;
/*!40000 ALTER TABLE `Stmts` ENABLE KEYS */;
UNLOCK TABLES;

--
-- Table structure for table `UriData`
--

DROP TABLE IF EXISTS `UriData`;
/*!40101 SET @saved_cs_client     = @@character_set_client */;
/*!40101 SET character_set_client = utf8 */;
CREATE TABLE `UriData` (
  `id` int(11) NOT NULL AUTO_INCREMENT,
  `scheme` varchar(128) COLLATE utf8mb4_bin DEFAULT NULL,
  `ssp` varchar(128) COLLATE utf8mb4_bin DEFAULT NULL,
  `uri` longtext COLLATE utf8mb4_bin,
  `path` varchar(128) COLLATE utf8mb4_bin DEFAULT NULL,
  `query` varchar(512) COLLATE utf8mb4_bin DEFAULT NULL,
  `authority` varchar(128) COLLATE utf8mb4_bin DEFAULT NULL,
  PRIMARY KEY (`id`)
) ENGINE=InnoDB AUTO_INCREMENT=20 DEFAULT CHARSET=utf8mb4 COLLATE=utf8mb4_bin;
/*!40101 SET character_set_client = @saved_cs_client */;

--
-- Dumping data for table `UriData`
--

LOCK TABLES `UriData` WRITE;
/*!40000 ALTER TABLE `UriData` DISABLE KEYS */;
INSERT INTO `UriData` VALUES (1,NULL,NULL,'(.*)',NULL,NULL,NULL),(2,NULL,NULL,'(.*)',NULL,NULL,NULL),(3,NULL,NULL,'NULL-CONSTANT',NULL,NULL,NULL),(4,NULL,NULL,'(.*)&o=1',NULL,NULL,NULL),(5,NULL,NULL,'(.*)(.*)',NULL,NULL,NULL),(6,NULL,NULL,'(.*)',NULL,NULL,NULL),(7,NULL,NULL,'(.*)(.*)&o=1',NULL,NULL,NULL),(8,NULL,NULL,'(.*)',NULL,NULL,NULL),(9,NULL,NULL,'(.*)',NULL,NULL,NULL),(10,NULL,NULL,'(.*)',NULL,NULL,NULL),(11,NULL,NULL,'(.*)&o=1',NULL,NULL,NULL),(12,NULL,NULL,'',NULL,NULL,NULL),(13,NULL,NULL,'(.*)(.*)',NULL,NULL,NULL),(14,NULL,NULL,'(.*)(.*)&o=1',NULL,NULL,NULL),(15,NULL,NULL,'(.*)',NULL,NULL,NULL),(16,NULL,NULL,'',NULL,NULL,NULL),(17,NULL,NULL,'(.*)',NULL,NULL,NULL),(18,NULL,NULL,'(.*)',NULL,NULL,NULL),(19,NULL,NULL,'(.*)',NULL,NULL,NULL);
/*!40000 ALTER TABLE `UriData` ENABLE KEYS */;
UNLOCK TABLES;

--
-- Table structure for table `Uris`
--

DROP TABLE IF EXISTS `Uris`;
/*!40101 SET @saved_cs_client     = @@character_set_client */;
/*!40101 SET character_set_client = utf8 */;
CREATE TABLE `Uris` (
  `id` int(11) NOT NULL AUTO_INCREMENT,
  `exit_id` int(11) NOT NULL,
  `data` int(11) DEFAULT NULL,
  PRIMARY KEY (`id`),
  KEY `exit_id` (`exit_id`),
  KEY `data` (`data`),
  CONSTRAINT `Uris_ibfk_1` FOREIGN KEY (`exit_id`) REFERENCES `ExitPoints` (`id`) ON DELETE CASCADE,
  CONSTRAINT `Uris_ibfk_2` FOREIGN KEY (`data`) REFERENCES `UriData` (`id`) ON DELETE CASCADE
) ENGINE=InnoDB DEFAULT CHARSET=utf8mb4 COLLATE=utf8mb4_bin;
/*!40101 SET character_set_client = @saved_cs_client */;

--
-- Dumping data for table `Uris`
--

LOCK TABLES `Uris` WRITE;
/*!40000 ALTER TABLE `Uris` DISABLE KEYS */;
/*!40000 ALTER TABLE `Uris` ENABLE KEYS */;
UNLOCK TABLES;

--
-- Table structure for table `UsesPermissions`
--

DROP TABLE IF EXISTS `UsesPermissions`;
/*!40101 SET @saved_cs_client     = @@character_set_client */;
/*!40101 SET character_set_client = utf8 */;
CREATE TABLE `UsesPermissions` (
  `id` int(11) NOT NULL AUTO_INCREMENT,
  `app_id` int(11) NOT NULL,
  `uses_permission` int(11) NOT NULL,
  PRIMARY KEY (`id`),
  KEY `app_id` (`app_id`),
  KEY `uses_permission_idx` (`uses_permission`) USING HASH,
  CONSTRAINT `UsesPermissions_ibfk_1` FOREIGN KEY (`app_id`) REFERENCES `Applications` (`id`) ON DELETE CASCADE,
  CONSTRAINT `UsesPermissions_ibfk_2` FOREIGN KEY (`uses_permission`) REFERENCES `PermissionStrings` (`id`)
) ENGINE=InnoDB AUTO_INCREMENT=39 DEFAULT CHARSET=utf8mb4 COLLATE=utf8mb4_bin;
/*!40101 SET character_set_client = @saved_cs_client */;

--
-- Dumping data for table `UsesPermissions`
--

LOCK TABLES `UsesPermissions` WRITE;
/*!40000 ALTER TABLE `UsesPermissions` DISABLE KEYS */;
INSERT INTO `UsesPermissions` VALUES (1,1,1),(2,1,2),(3,2,3),(4,3,1),(5,1,3),(6,2,4),(7,3,3),(8,1,4),(9,2,7),(10,3,4),(11,1,5),(12,3,5),(13,2,8),(14,4,1),(15,1,6),(16,2,9),(17,4,3),(18,4,4),(19,4,7),(20,4,8),(21,5,1),(22,4,10),(23,4,11),(24,5,3),(25,4,12),(26,5,4),(27,4,13),(28,5,15),(29,4,14),(30,6,17),(31,6,16),(32,6,1),(33,6,18),(34,6,3),(35,6,4),(36,6,5),(37,6,8),(38,6,15);
/*!40000 ALTER TABLE `UsesPermissions` ENABLE KEYS */;
UNLOCK TABLES;
/*!40103 SET TIME_ZONE=@OLD_TIME_ZONE */;

/*!40101 SET SQL_MODE=@OLD_SQL_MODE */;
/*!40014 SET FOREIGN_KEY_CHECKS=@OLD_FOREIGN_KEY_CHECKS */;
/*!40014 SET UNIQUE_CHECKS=@OLD_UNIQUE_CHECKS */;
/*!40101 SET CHARACTER_SET_CLIENT=@OLD_CHARACTER_SET_CLIENT */;
/*!40101 SET CHARACTER_SET_RESULTS=@OLD_CHARACTER_SET_RESULTS */;
/*!40101 SET COLLATION_CONNECTION=@OLD_COLLATION_CONNECTION */;
/*!40111 SET SQL_NOTES=@OLD_SQL_NOTES */;

-- Dump completed on 2015-10-09  0:39:04
